{
  "estimator": "gbm",
  "horizon_years": 1,
  "feature_importance": {
    "gross_debt_pct_gdp": 0.0024894297933157894,
    "fiscal_balance_pct_gdp": 0.0028648182497899135,
    "interest_pct_revenue": 0.0008535565960956726,
    "current_account_pct_gdp": 0.0068134548750874435,
    "reserves_to_imports_months": 0.003464954554176625,
    "short_term_debt_pct_reserves": 0.003238883362704237,
    "external_debt_pct_gni": 0.0017227727576495044,
    "external_liquidity_ratio": 0.002700723648369985,
    "real_gdp_growth": 0.0035004642730322444,
    "inflation": 0.004224553757523774,
    "gdp_per_capita_ppp": 0.026849538042818998,
    "rule_of_law": 0.0011367521179011298,
    "govt_effectiveness": 0.004145594258453423,
    "political_stability": 0.0038910711804445385,
    "control_of_corruption": 0.0013134184831395056,
    "years_since_default": 0.01238803962090621,
    "debt_chg_5y_pp": 0.0009748630890809129,
    "fiscal_balance_chg_3y": 0.0029166492058836256,
    "tot_volatility_5y": 0.0014806008861990906,
    "reserve_currency_share": 0.0012505596640472016,
    "region_default_rate": 0.008645513755053546,
    "vix_annual": 0.0005317635537950393
  },
  "coefficients": {
    "gross_debt_pct_gdp": 0.0024894297933157894,
    "fiscal_balance_pct_gdp": -0.0028648182497899135,
    "interest_pct_revenue": 0.0008535565960956726,
    "current_account_pct_gdp": -0.0068134548750874435,
    "reserves_to_imports_months": -0.003464954554176625,
    "short_term_debt_pct_reserves": 0.003238883362704237,
    "external_debt_pct_gni": 0.0017227727576495044,
    "external_liquidity_ratio": 0.002700723648369985,
    "real_gdp_growth": -0.0035004642730322444,
    "inflation": 0.004224553757523774,
    "gdp_per_capita_ppp": -0.026849538042818998,
    "rule_of_law": -0.0011367521179011298,
    "govt_effectiveness": -0.004145594258453423,
    "political_stability": -0.0038910711804445385,
    "control_of_corruption": -0.0013134184831395056,
    "years_since_default": -0.01238803962090621,
    "debt_chg_5y_pp": 0.0009748630890809129,
    "fiscal_balance_chg_3y": -0.0029166492058836256,
    "tot_volatility_5y": 0.0014806008861990906,
    "reserve_currency_share": -0.0012505596640472016,
    "region_default_rate": 0.008645513755053546,
    "vix_annual": 0.0005317635537950393
  },
  "intercept": 0.0,
  "class_balance_log_odds": -3.2438251439161494,
  "scaler": {
    "gross_debt_pct_gdp": {
      "mean": 49.35290796160361,
      "std": 31.997306725512406
    },
    "fiscal_balance_pct_gdp": {
      "mean": -1.8414455110107284,
      "std": 6.370499907875778
    },
    "interest_pct_revenue": {
      "mean": 5.783452611620537,
      "std": 4.366181401762512
    },
    "current_account_pct_gdp": {
      "mean": 0.8369565217391305,
      "std": 13.667495688851512
    },
    "reserves_to_imports_months": {
      "mean": 4.853247897097599,
      "std": 4.235414501542347
    },
    "short_term_debt_pct_reserves": {
      "mean": 27.46737007815227,
      "std": 17.06106416166251
    },
    "external_debt_pct_gni": {
      "mean": 39.581751329643815,
      "std": 18.43594524145446
    },
    "external_liquidity_ratio": {
      "mean": 17.94230366175126,
      "std": 44.223347307773594
    },
    "real_gdp_growth": {
      "mean": 3.339073969508752,
      "std": 4.464161856332161
    },
    "inflation": {
      "mean": 4.270073404856013,
      "std": 4.839646342900245
    },
    "gdp_per_capita_ppp": {
      "mean": 29384.177702428005,
      "std": 26092.702947203095
    },
    "rule_of_law": {
      "mean": 0.548300868210051,
      "std": 0.7130685289947112
    },
    "govt_effectiveness": {
      "mean": 0.5246175500564654,
      "std": 0.7028040914282081
    },
    "political_stability": {
      "mean": 0.5406111945793337,
      "std": 0.6502168341970128
    },
    "control_of_corruption": {
      "mean": 0.48050611787125935,
      "std": 0.759045187350011
    },
    "years_since_default": {
      "mean": 68.77639751552795,
      "std": 41.57021432078796
    },
    "debt_chg_5y_pp": {
      "mean": 2.3023997741389044,
      "std": 14.725822085440257
    },
    "fiscal_balance_chg_3y": {
      "mean": -0.15135516657255788,
      "std": 5.9519200752917545
    },
    "tot_volatility_5y": {
      "mean": 0.10574853688677388,
      "std": 0.06486049170789113
    },
    "reserve_currency_share": {
      "mean": 3.1410502540937317,
      "std": 8.138122297944697
    },
    "region_default_rate": {
      "mean": 0.25508378621483896,
      "std": 0.2214012675463233
    },
    "vix_annual": {
      "mean": 19.715584557994628,
      "std": 5.874084559409069
    }
  },
  "medians": {
    "gross_debt_pct_gdp": 43.8,
    "fiscal_balance_pct_gdp": -2.3,
    "interest_pct_revenue": 4.95387039532298,
    "current_account_pct_gdp": -0.4,
    "reserves_to_imports_months": 4.21712222634877,
    "short_term_debt_pct_reserves": 25.320263174128947,
    "external_debt_pct_gni": 37.19063672863745,
    "external_liquidity_ratio": 1.6311347954422513,
    "real_gdp_growth": 3.3,
    "inflation": 3.1,
    "gdp_per_capita_ppp": 22671.7395,
    "rule_of_law": 0.61564145,
    "govt_effectiveness": 0.511363,
    "political_stability": 0.7006186999999999,
    "control_of_corruption": 0.4780849,
    "years_since_default": 100.0,
    "debt_chg_5y_pp": 2.5999999999999996,
    "fiscal_balance_chg_3y": 0.1499999999999999,
    "tot_volatility_5y": 0.09462930331108518,
    "reserve_currency_share": 0.0,
    "region_default_rate": 0.22727272727272727,
    "vix_annual": 17.667408098501987
  },
  "pd_calibration": [
    {
      "bucket": 1,
      "score_lo": 0.0015908238865045548,
      "score_hi": 0.004778528534304401,
      "pd_empirical": 0.0,
      "n_obs": 177,
      "n_events": 0
    },
    {
      "bucket": 2,
      "score_lo": 0.0047952302738576294,
      "score_hi": 0.0062367776062982935,
      "pd_empirical": 0.0,
      "n_obs": 177,
      "n_events": 0
    },
    {
      "bucket": 3,
      "score_lo": 0.006238492300781827,
      "score_hi": 0.007527242204277759,
      "pd_empirical": 0.0,
      "n_obs": 177,
      "n_events": 0
    },
    {
      "bucket": 4,
      "score_lo": 0.00752835965510441,
      "score_hi": 0.00940548874984311,
      "pd_empirical": 0.0,
      "n_obs": 177,
      "n_events": 0
    },
    {
      "bucket": 5,
      "score_lo": 0.009429962192660358,
      "score_hi": 0.011683500547264683,
      "pd_empirical": 0.0,
      "n_obs": 177,
      "n_events": 0
    },
    {
      "bucket": 6,
      "score_lo": 0.011688512119781582,
      "score_hi": 0.014217727298029602,
      "pd_empirical": 0.0,
      "n_obs": 177,
      "n_events": 0
    },
    {
      "bucket": 7,
      "score_lo": 0.014218501919799918,
      "score_hi": 0.016647861820752206,
      "pd_empirical": 0.0,
      "n_obs": 177,
      "n_events": 0
    },
    {
      "bucket": 8,
      "score_lo": 0.016651516258818375,
      "score_hi": 0.01949289957169133,
      "pd_empirical": 0.0,
      "n_obs": 177,
      "n_events": 0
    },
    {
      "bucket": 9,
      "score_lo": 0.019502748765588378,
      "score_hi": 0.022952969824136794,
      "pd_empirical": 0.0,
      "n_obs": 177,
      "n_events": 0
    },
    {
      "bucket": 10,
      "score_lo": 0.02298889065348514,
      "score_hi": 0.02594054248702542,
      "pd_empirical": 0.0,
      "n_obs": 178,
      "n_events": 0
    },
    {
      "bucket": 11,
      "score_lo": 0.02594054248702542,
      "score_hi": 0.031044647219100444,
      "pd_empirical": 0.0,
      "n_obs": 177,
      "n_events": 0
    },
    {
      "bucket": 12,
      "score_lo": 0.031085890098766146,
      "score_hi": 0.04048314453901841,
      "pd_empirical": 0.0,
      "n_obs": 177,
      "n_events": 0
    },
    {
      "bucket": 13,
      "score_lo": 0.040705266042655903,
      "score_hi": 0.054591952528334264,
      "pd_empirical": 0.0,
      "n_obs": 177,
      "n_events": 0
    },
    {
      "bucket": 14,
      "score_lo": 0.05467705270664624,
      "score_hi": 0.08195141931817379,
      "pd_empirical": 0.0,