{
  "estimator": "gbm",
  "cadence": "quarterly",
  "horizon_quarters": 4,
  "feature_importance": {
    "gross_debt_pct_gdp": 0.004049017581569681,
    "fiscal_balance_pct_gdp": 0.006424224261463806,
    "interest_pct_revenue": 0.0041679411926808015,
    "shadow_debt_gap_pp": 0.0,
    "current_account_pct_gdp": 0.031151041666666667,
    "reserves_to_imports_months": 0.01068004574514989,
    "short_term_debt_pct_reserves": 0.002961612654321022,
    "external_debt_pct_gni": 0.007550388558201027,
    "real_gdp_growth": 0.008134018132716036,
    "inflation": 0.008151455026455002,
    "gdp_per_capita_ppp": 0.04300932815255729,
    "rule_of_law": 0.00279145998677246,
    "control_of_corruption": 0.002826133983686074,
    "govt_effectiveness": 0.011549134700176312,
    "regulatory_quality": 0.0026930183531746143,
    "political_stability": 0.007891617063492085,
    "voice_accountability": 0.0022119571208112808,
    "years_since_default": 0.02697303516313927,
    "default_count_25y": 5.715388007052624e-05,
    "debt_chg_5y_pp": 0.01116949818121693,
    "tot_volatility_5y": 0.003460792824074055,
    "reer_overvaluation_pct": 0.0019887083884479574
  },
  "coefficients": {
    "gross_debt_pct_gdp": 0.004049017581569681,
    "fiscal_balance_pct_gdp": -0.006424224261463806,
    "interest_pct_revenue": 0.0041679411926808015,
    "shadow_debt_gap_pp": 0.0,
    "current_account_pct_gdp": -0.031151041666666667,
    "reserves_to_imports_months": -0.01068004574514989,
    "short_term_debt_pct_reserves": 0.002961612654321022,
    "external_debt_pct_gni": 0.007550388558201027,
    "real_gdp_growth": -0.008134018132716036,
    "inflation": 0.008151455026455002,
    "gdp_per_capita_ppp": -0.04300932815255729,
    "rule_of_law": -0.00279145998677246,
    "control_of_corruption": -0.002826133983686074,
    "govt_effectiveness": -0.011549134700176312,
    "regulatory_quality": -0.0026930183531746143,
    "political_stability": -0.007891617063492085,
    "voice_accountability": -0.0022119571208112808,
    "years_since_default": -0.02697303516313927,
    "default_count_25y": 5.715388007052624e-05,
    "debt_chg_5y_pp": 0.01116949818121693,
    "tot_volatility_5y": 0.003460792824074055,
    "reer_overvaluation_pct": 0.0019887083884479574
  },
  "intercept": 0.0,
  "class_balance_log_odds": -3.2031274679000616,
  "scaler": {
    "gross_debt_pct_gdp": {
      "mean": 52.45979255643685,
      "std": 35.46916753932132
    },
    "fiscal_balance_pct_gdp": {
      "mean": -2.1981492780150496,
      "std": 6.127601862310702
    },
    "interest_pct_revenue": {
      "mean": 6.479026197399014,
      "std": 5.8331713710460456
    },
    "shadow_debt_gap_pp": {
      "mean": 9.142892007321533,
      "std": 1.6653882093868282
    },
    "current_account_pct_gdp": {
      "mean": -0.8612365263371976,
      "std": 12.972486670637782
    },
    "reserves_to_imports_months": {
      "mean": 4.752586607209183,
      "std": 3.836891524366679
    },
    "short_term_debt_pct_reserves": {
      "mean": 109.28465999563747,
      "std": 1252.7125542482524
    },
    "external_debt_pct_gni": {
      "mean": 45.1794879907533,
      "std": 25.892927213986884
    },
    "real_gdp_growth": {
      "mean": 3.390848078096401,
      "std": 4.614182424381406
    },
    "inflation": {
      "mean": 24.265710799267847,
      "std": 975.3496595461272
    },
    "gdp_per_capita_ppp": {
      "mean": 23314.627408582466,
      "std": 24459.935433014314
    },
    "rule_of_law": {
      "mean": 0.04816848802115145,
      "std": 0.8321143443669714
    },
    "control_of_corruption": {
      "mean": 0.025791438702461193,
      "std": 0.839907511377549
    },
    "govt_effectiveness": {
      "mean": 0.08872357919463117,
      "std": 0.8097732034183153
    },
    "regulatory_quality": {
      "mean": 0.07209154584096023,
      "std": 0.8161138135966212
    },
    "political_stability": {
      "mean": 0.11133210235916237,
      "std": 0.7904900245366695
    },
    "voice_accountability": {
      "mean": 0.07459688103518441,
      "std": 0.8239065899975365
    },
    "years_since_default": {
      "mean": 52.809436648362826,
      "std": 43.87775314621332
    },
    "default_count_25y": {
      "mean": 1.2898108602806588,
      "std": 1.768639744495261
    },
    "debt_chg_5y_pp": {
      "mean": 1.6669513931258901,
      "std": 22.84396266664351
    },
    "tot_volatility_5y": {
      "mean": 0.10984802461117696,
      "std": 0.06361107752429625
    },
    "reer_overvaluation_pct": {
      "mean": 0.3196063279217246,
      "std": 4.672952822902463
    }
  },
  "medians": {
    "gross_debt_pct_gdp": 46.3,
    "fiscal_balance_pct_gdp": -2.5,
    "interest_pct_revenue": 5.41407297462898,
    "shadow_debt_gap_pp": 9.1,
    "current_account_pct_gdp": -1.5,
    "reserves_to_imports_months": 4.1676367510060555,
    "short_term_debt_pct_reserves": 28.1855202341122,
    "external_debt_pct_gni": 41.305984636710704,
    "real_gdp_growth": 3.5,
    "inflation": 3.5,
    "gdp_per_capita_ppp": 15052.708,
    "rule_of_law": -0.0201063,
    "control_of_corruption": -0.0798663999999999,
    "govt_effectiveness": 0.0250833,
    "regulatory_quality": 0.0071335,
    "political_stability": 0.1588848,
    "voice_accountability": 0.09736294999999995,
    "years_since_default": 29.0,
    "default_count_25y": 0.0,
    "debt_chg_5y_pp": 3.0,
    "tot_volatility_5y": 0.09935110516134757,
    "reer_overvaluation_pct": 0.2929846897136823
  },
  "pd_calibration": [
    {
      "bucket": 1,
      "score_lo": 0.003396680555436504,
      "score_hi": 0.011265289974630579,
      "pd_empirical": 0.0,
      "n_obs": 983,
      "n_events": 0
    },
    {
      "bucket": 2,
      "score_lo": 0.011265289974630579,
      "score_hi": 0.01486586981984229,
      "pd_empirical": 0.0,
      "n_obs": 983,
      "n_events": 0
    },
    {
      "bucket": 3,
      "score_lo": 0.01486586981984229,
      "score_hi": 0.020765928626663002,
      "pd_empirical": 0.0,
      "n_obs": 984,
      "n_events": 0
    },
    {
      "bucket": 4,
      "score_lo": 0.020765928626663002,
      "score_hi": 0.02789038978993822,
      "pd_empirical": 0.0,
      "n_obs": 983,
      "n_events": 0
    },
    {
      "bucket": 5,
      "score_lo": 0.02789038978993822,
      "score_hi": 0.0359309942248059,
      "pd_empirical": 0.0,
      "n_obs": 984,
      "n_events": 0
    },
    {
      "bucket": 6,
      "score_lo": 0.0359309942248059,
      "score_hi": 0.04272367598563968,
      "pd_empirical": 0.0,
      "n_obs": 983,
      "n_events": 0
    },
    {
      "bucket": 7,
      "score_lo": 0.04275753021713585,
      "score_hi": 0.05229618976175929,
      "pd_empirical": 0.0,
      "n_obs": 983,
      "n_events": 0
    },
    {
      "bucket": 8,
      "score_lo": 0.05229618976175929,
      "score_hi": 0.06352199675910182,
      "pd_empirical": 0.0,
      "n_obs": 984,
      "n_events": 0
    },
    {
      "bucket": 9,
      "score_lo": 0.06352199675910182,
      "score_hi": 0.07314124640160456,
      "pd_empirical": 0.004069175991861648,
      "n_obs": 983,
      "n_events": 4
    },
    {
      "bucket": 10,
      "score_lo": 0.07315514592395257,
      "score_hi": 0.09446648489234642,
      "pd_empirical": 0.0,
      "n_obs": 984,
      "n_events": 0
    },
    {
      "bucket": 11,
      "score_lo": 0.09446648489234642,
      "score_hi": 0.12185309381292603,
      "pd_empirical": 0.0,
      "n_obs": 983,
      "n_events": 0
    },
    {
      "bucket": 12,
      "score_lo": 0.12185309381292603,
      "score_hi": 0.1570340642023528,
      "pd_empirical": 0.0,
      "n_obs": 983,
      "n_events": 0
    },
    {
      "bucket": 13,
      "score_lo": 0.1570340642023528,
      "score_hi": 0.19762417055616466,
      "pd_empirical": 0.0,
      "n_obs": 984,
      "n_events": 0
    },
    {
      "bucket": 14,
      "score_lo": 0.19762417055616466,
      "score_hi": 0.24242768128788625,
      "pd_empirical": 0.0,
      "n_obs": 983,
      "n_events": 0
    },
    {
      "bucket": 15,