{
  "estimator": "logit",
  "method": "scipy-l-bfgs-b (sign-constrained)",
  "horizon_years": 3,
  "coefficients": {
    "gross_debt_pct_gdp": 0.0,
    "fiscal_balance_pct_gdp": -0.0,
    "interest_pct_revenue": 0.19553175297961387,
    "shadow_debt_gap_pp": 0.0,
    "current_account_pct_gdp": -0.36821283796307214,
    "reserves_to_imports_months": -0.0,
    "short_term_debt_pct_reserves": 0.366334870426187,
    "external_debt_pct_gni": 0.0,
    "real_gdp_growth": -0.14629399906030094,
    "inflation": 0.0,
    "gdp_per_capita_ppp": -1.1326289773799134,
    "rule_of_law": -0.3517770217937248,
    "control_of_corruption": -0.0,
    "govt_effectiveness": -0.019761310578540175,
    "regulatory_quality": -0.0,
    "political_stability": -0.0,
    "voice_accountability": -0.0
  },
  "intercept": -0.5898377397460723,
  "class_balance_log_odds": -2.295498539163221,
  "feature_importance": {
    "gross_debt_pct_gdp": 0.0,
    "fiscal_balance_pct_gdp": 0.0,
    "interest_pct_revenue": 0.19553175297961387,
    "shadow_debt_gap_pp": 0.0,
    "current_account_pct_gdp": 0.36821283796307214,
    "reserves_to_imports_months": 0.0,
    "short_term_debt_pct_reserves": 0.366334870426187,
    "external_debt_pct_gni": 0.0,
    "real_gdp_growth": 0.14629399906030094,
    "inflation": 0.0,
    "gdp_per_capita_ppp": 1.1326289773799134,
    "rule_of_law": 0.3517770217937248,
    "control_of_corruption": 0.0,
    "govt_effectiveness": 0.019761310578540175,
    "regulatory_quality": 0.0,
    "political_stability": 0.0,
    "voice_accountability": 0.0
  },
  "scaler": {
    "gross_debt_pct_gdp": {
      "mean": 52.61256773655689,
      "std": 35.89572247276649
    },
    "fiscal_balance_pct_gdp": {
      "mean": -2.190662776156732,
      "std": 6.203426963021938
    },
    "interest_pct_revenue": {
      "mean": 6.505439168117986,
      "std": 5.903089184026484
    },
    "shadow_debt_gap_pp": {
      "mean": 9.275823259691537,
      "std": 3.3686260311803586
    },
    "current_account_pct_gdp": {
      "mean": -0.8453939141308878,
      "std": 13.133013119824513
    },
    "reserves_to_imports_months": {
      "mean": 4.767094534030395,
      "std": 3.883367638496363
    },
    "short_term_debt_pct_reserves": {
      "mean": 30.81182372214291,
      "std": 61.30964930110184
    },
    "external_debt_pct_gni": {
      "mean": 45.27555862416953,
      "std": 26.20684784877172
    },
    "real_gdp_growth": {
      "mean": 3.3881408920383493,
      "std": 4.67138810600562
    },
    "inflation": {
      "mean": 24.78074197582326,
      "std": 987.4431452236138
    },
    "gdp_per_capita_ppp": {
      "mean": 23519.539540641934,
      "std": 24728.29367350258
    },
    "rule_of_law": {
      "mean": 0.04986183937057141,
      "std": 0.8423662349319756
    },
    "control_of_corruption": {
      "mean": 0.028411964506044562,
      "std": 0.850159515938689
    },
    "govt_effectiveness": {
      "mean": 0.09030198545227207,
      "std": 0.8197554953079985
    },
    "regulatory_quality": {
      "mean": 0.07370263534806198,
      "std": 0.8261726402575514
    },
    "political_stability": {
      "mean": 0.11015270031263058,
      "std": 0.8002599940114401
    },
    "voice_accountability": {
      "mean": 0.07403223697373942,
      "std": 0.8341191043691978
    }
  },
  "medians": {
    "gross_debt_pct_gdp": 46.3,
    "fiscal_balance_pct_gdp": -2.5,
    "interest_pct_revenue": 5.41407297462898,
    "shadow_debt_gap_pp": 9.1,
    "current_account_pct_gdp": -1.5,
    "reserves_to_imports_months": 4.1676367510060555,
    "short_term_debt_pct_reserves": 25.071969614961098,
    "external_debt_pct_gni": 41.305984636710704,
    "real_gdp_growth": 3.5,
    "inflation": 3.5,
    "gdp_per_capita_ppp": 15052.708,
    "rule_of_law": -0.0201063,
    "control_of_corruption": -0.0798663999999999,
    "govt_effectiveness": 0.0250833,
    "regulatory_quality": 0.0071335,
    "political_stability": 0.1588848,
    "voice_accountability": 0.09736294999999995
  },
  "pd_calibration": [
    {
      "bucket": 1,
      "score_lo": 8.178295123909041e-05,
      "score_hi": 0.028652803265919437,
      "pd_empirical": 0.0,
      "n_obs": 239,
      "n_events": 0
    },
    {
      "bucket": 2,
      "score_lo": 0.02875190951173179,
      "score_hi": 0.06477501203029441,
      "pd_empirical": 0.0,
      "n_obs": 240,
      "n_events": 0
    },
    {
      "bucket": 3,
      "score_lo": 0.064935719416898,
      "score_hi": 0.10251000676935226,
      "pd_empirical": 0.0,
      "n_obs": 240,
      "n_events": 0
    },
    {
      "bucket": 4,
      "score_lo": 0.10334481076527093,
      "score_hi": 0.1601022658931118,
      "pd_empirical": 0.004166666666666667,
      "n_obs": 240,
      "n_events": 1
    },
    {
      "bucket": 5,
      "score_lo": 0.16036266612824274,
      "score_hi": 0.21952849948193615,
      "pd_empirical": 0.020833333333333332,
      "n_obs": 240,
      "n_events": 5
    },
    {
      "bucket": 6,
      "score_lo": 0.22045559558537137,
      "score_hi": 0.27781249423188403,
      "pd_empirical": 0.041666666666666664,
      "n_obs": 240,
      "n_events": 10
    },
    {
      "bucket": 7,
      "score_lo": 0.2781343944355718,
      "score_hi": 0.322199210105377,
      "pd_empirical": 0.029166666666666667,
      "n_obs": 240,
      "n_events": 7
    },
    {
      "bucket": 8,
      "score_lo": 0.32222994508696523,
      "score_hi": 0.3595503770507205,
      "pd_empirical": 0.05416666666666667,
      "n_obs": 240,
      "n_events": 13
    },
    {
      "bucket": 9,
      "score_lo": 0.3596152364631656,
      "score_hi": 0.4073029705615827,
      "pd_empirical": 0.07083333333333333,
      "n_obs": 240,
      "n_events": 17
    },
    {
      "bucket": 10,
      "score_lo": 0.40769676798149695,
      "score_hi": 0.4500905271836606,
      "pd_empirical": 0.075,
      "n_obs": 240,
      "n_events": 18
    },
    {
      "bucket": 11,
      "score_lo": 0.45016143867115543,
      "score_hi": 0.48426797898529683,
      "pd_empirical": 0.0794979079497908,
      "n_obs": 239,
      "n_events": 19
    },
    {
      "bucket": 12,
      "score_lo": 0.48432653405967857,
      "score_hi": 0.5174937776201289,
      "pd_empirical": 0.1125,
      "n_obs": 240,
      "n_events": 27
    },
    {
      "bucket": 13,
      "score_lo": 0.5175944159958167,
      "score_hi": 0.5432380585095756,
      "pd_empirical": 0.10416666666666667,
      "n_obs": 240,
      "n_events": 25
    },
    {
      "bucket": 14,
      "score_lo": 0.5434732205472727,
      "score_hi": 0.5721127174204007,
      "pd_empirical": 0.15,
      "n_obs": 240,
      "n_events": 36
    },
    {
      "bucket": 15,
      "score_lo": 0.572114349516817,
      "score_hi": 0.6034671508882018,
      "pd_empirical": 0.175,
      "n_obs": 240,
      "n_events": 42
    },
    {
      "bucket": 16,
      "score_lo": 0.6035491859558285,
      "score_hi": 0.6363372677159103,
      "pd_empirical": 0.12083333333333333,
      "n_obs": 240,
      "n_events": 29
    },
    {
      "bucket": 17,
      "score_lo": 0.6366252875467573,
      "score_hi": 0.6710201996578273,
      "pd_empirical": 0.1625,
      "n_obs": 240,
      "n_events": 39
    },
    {
      "bucket": 18,
      "score_lo": 0.6711004260454051,
      "score_hi": 0.709018257574112,
      "pd_empirical": 0.17916666666666667,
      "n_obs": 240,
      "n_events": 43
    },
    {
      "bucket": 19,
      "score_lo": 0.7091465722556415,
      "score_hi": 0.7608011203570824,
      "pd_empirical": 0.22083333333333333,
      "n_obs": 240,
      "n_events": 53
    },
    {
      "bucket": 20,
      "score_lo": 0.7608467677932961,
      "score_hi": 0.9999999990529358,
      "pd_empirical": 0.22916666666666666,
      "n_obs": 240,
      "n_events": 55
    }
  ],
  "rating_buckets": {
    "method": "isotonic-regression",
    "horizon_years": 3,
    "n_anchor_countries": 88,
    "buckets": [
      {
        "pm_numeric": 1,
        "max_consensus_num": 1,