{
  "estimator": "gbm",
  "horizon_years": 1,
  "feature_importance": {
    "gross_debt_pct_gdp": 0.004478835978836093,
    "fiscal_balance_pct_gdp": 0.0064028328924163325,
    "interest_pct_revenue": 0.00337896825396834,
    "shadow_debt_gap_pp": 0.0002838403880071727,
    "current_account_pct_gdp": 0.03176791225749569,
    "reserves_to_imports_months": 0.012175650352733814,
    "short_term_debt_pct_reserves": 0.007395227072310518,
    "external_debt_pct_gni": 0.009609237213403921,
    "real_gdp_growth": 0.008965773809523892,
    "inflation": 0.008683697089947184,
    "gdp_per_capita_ppp": 0.04002474647266326,
    "rule_of_law": 0.005263613315696791,
    "control_of_corruption": 0.0030699404761905915,
    "govt_effectiveness": 0.012607914462081237,
    "regulatory_quality": 0.003402447089947225,
    "political_stability": 0.009599316578483352,
    "voice_accountability": 0.004634645061728493,
    "years_since_default": 0.02961827601410947,
    "default_count_25y": 0.0008819444444445601,
    "debt_chg_5y_pp": 0.01317322530864209
  },
  "coefficients": {
    "gross_debt_pct_gdp": 0.004478835978836093,
    "fiscal_balance_pct_gdp": -0.0064028328924163325,
    "interest_pct_revenue": 0.00337896825396834,
    "shadow_debt_gap_pp": 0.0002838403880071727,
    "current_account_pct_gdp": -0.03176791225749569,
    "reserves_to_imports_months": -0.012175650352733814,
    "short_term_debt_pct_reserves": 0.007395227072310518,
    "external_debt_pct_gni": 0.009609237213403921,
    "real_gdp_growth": -0.008965773809523892,
    "inflation": 0.008683697089947184,
    "gdp_per_capita_ppp": -0.04002474647266326,
    "rule_of_law": -0.005263613315696791,
    "control_of_corruption": -0.0030699404761905915,
    "govt_effectiveness": -0.012607914462081237,
    "regulatory_quality": -0.003402447089947225,
    "political_stability": -0.009599316578483352,
    "voice_accountability": -0.004634645061728493,
    "years_since_default": -0.02961827601410947,
    "default_count_25y": 0.0008819444444445601,
    "debt_chg_5y_pp": 0.01317322530864209
  },
  "intercept": 0.0,
  "class_balance_log_odds": -3.2031274679000616,
  "scaler": {
    "gross_debt_pct_gdp": {
      "mean": 52.45979255643685,
      "std": 35.471873078491186
    },
    "fiscal_balance_pct_gdp": {
      "mean": -2.19814927801505,
      "std": 6.128069267327565
    },
    "interest_pct_revenue": {
      "mean": 6.479026197399013,
      "std": 5.833616317311248
    },
    "shadow_debt_gap_pp": {
      "mean": 9.271568029286147,
      "std": 3.3277143680117534
    },
    "current_account_pct_gdp": {
      "mean": -0.8612365263371975,
      "std": 12.973476194025286
    },
    "reserves_to_imports_months": {
      "mean": 4.752586607209184,
      "std": 3.8371841971590896
    },
    "short_term_debt_pct_reserves": {
      "mean": 30.67290921354933,
      "std": 60.56947662778477
    },
    "external_debt_pct_gni": {
      "mean": 45.1794879907533,
      "std": 25.894902290751485
    },
    "real_gdp_growth": {
      "mean": 3.3908480780964,
      "std": 4.614534387851399
    },
    "inflation": {
      "mean": 24.265710799267847,
      "std": 975.4240578726423
    },
    "gdp_per_capita_ppp": {
      "mean": 23314.627408582466,
      "std": 24461.801203146464
    },
    "rule_of_law": {
      "mean": 0.04816848802115145,
      "std": 0.8321778169012565
    },
    "control_of_corruption": {
      "mean": 0.02579143870246123,
      "std": 0.8399715783638048
    },
    "govt_effectiveness": {
      "mean": 0.08872357919463117,
      "std": 0.8098349718012433
    },
    "regulatory_quality": {
      "mean": 0.07209154584096023,
      "std": 0.8161760656324162
    },
    "political_stability": {
      "mean": 0.11133210235916238,
      "std": 0.7905503220252542
    },
    "voice_accountability": {
      "mean": 0.07459688103518441,
      "std": 0.8239694364556046
    },
    "years_since_default": {
      "mean": 52.809436648362826,
      "std": 43.881100080695134
    },
    "default_count_25y": {
      "mean": 1.2898108602806588,
      "std": 1.76877465389493
    },
    "debt_chg_5y_pp": {
      "mean": 1.6669513931258897,
      "std": 22.845705172602727
    }
  },
  "medians": {
    "gross_debt_pct_gdp": 46.3,
    "fiscal_balance_pct_gdp": -2.5,
    "interest_pct_revenue": 5.41407297462898,
    "shadow_debt_gap_pp": 9.1,
    "current_account_pct_gdp": -1.5,
    "reserves_to_imports_months": 4.1676367510060555,
    "short_term_debt_pct_reserves": 25.071969614961098,
    "external_debt_pct_gni": 41.305984636710704,
    "real_gdp_growth": 3.5,
    "inflation": 3.5,
    "gdp_per_capita_ppp": 15052.708,
    "rule_of_law": -0.0201063,
    "control_of_corruption": -0.0798663999999999,
    "govt_effectiveness": 0.0250833,
    "regulatory_quality": 0.0071335,
    "political_stability": 0.1588848,
    "voice_accountability": 0.09736294999999995,
    "years_since_default": 29.0,
    "default_count_25y": 0.0,
    "debt_chg_5y_pp": 3.0
  },
  "pd_calibration": [
    {
      "bucket": 1,
      "score_lo": 0.004591836692338347,
      "score_hi": 0.01074913197811625,
      "pd_empirical": 0.0,
      "n_obs": 245,
      "n_events": 0
    },
    {
      "bucket": 2,
      "score_lo": 0.010753502477479443,
      "score_hi": 0.0155226131291037,
      "pd_empirical": 0.0,
      "n_obs": 246,
      "n_events": 0
    },
    {
      "bucket": 3,
      "score_lo": 0.015527085346663423,
      "score_hi": 0.02089769164550317,
      "pd_empirical": 0.0,
      "n_obs": 246,
      "n_events": 0
    },
    {
      "bucket": 4,
      "score_lo": 0.02096536047520759,
      "score_hi": 0.028665367823700726,
      "pd_empirical": 0.0,
      "n_obs": 246,
      "n_events": 0
    },
    {
      "bucket": 5,
      "score_lo": 0.028678895965676836,
      "score_hi": 0.03551332280359386,
      "pd_empirical": 0.0,
      "n_obs": 246,
      "n_events": 0
    },
    {
      "bucket": 6,
      "score_lo": 0.035571428107879076,
      "score_hi": 0.04275175847580913,
      "pd_empirical": 0.0,
      "n_obs": 246,
      "n_events": 0
    },
    {
      "bucket": 7,
      "score_lo": 0.04277730978879559,
      "score_hi": 0.05297781034286516,
      "pd_empirical": 0.0,
      "n_obs": 245,
      "n_events": 0
    },
    {
      "bucket": 8,
      "score_lo": 0.05298030267164301,
      "score_hi": 0.06505177321071194,
      "pd_empirical": 0.0,
      "n_obs": 246,
      "n_events": 0
    },
    {
      "bucket": 9,
      "score_lo": 0.06523794272730693,
      "score_hi": 0.07642087074624622,
      "pd_empirical": 0.0040650406504065045,
      "n_obs": 246,
      "n_events": 1
    },
    {
      "bucket": 10,
      "score_lo": 0.07642087074624622,
      "score_hi": 0.09431071756098017,
      "pd_empirical": 0.0,
      "n_obs": 246,
      "n_events": 0
    },
    {
      "bucket": 11,
      "score_lo": 0.09439544947372955,
      "score_hi": 0.1259429691269643,
      "pd_empirical": 0.0,
      "n_obs": 246,
      "n_events": 0
    },
    {
      "bucket": 12,
      "score_lo": 0.12594847260337375,
      "score_hi": 0.16252895543508955,
      "pd_empirical": 0.0,
      "n_obs": 246,
      "n_events": 0
    },
    {
      "bucket": 13,
      "score_lo": 0.16260722725424134,
      "score_hi": 0.20344256125740806,
      "pd_empirical": 0.0,
      "n_obs": 246,
      "n_events": 0
    },
    {
      "bucket": 14,
      "score_lo": 0.20357316336379902,
      "score_hi": 0.25007581079252433,
      "pd_empirical": 0.0,
      "n_obs": 245,
      "n_events": 0
    },
    {
      "bucket": 15,
      "score_lo": 0.25010606003952535,
      "score_hi": 0.3069269836249859,
      "pd_empirical": 0.0,
      "n_obs": 246,
      "n_events": 0
    },
    {
      "bucket": 16,
      "score_lo": 0.3070538050883284,
      "score_hi": 0.380246313259372,
      "pd_empirical": 0.0,
      "n_obs": 246,
      "n_events": 0
    },
    {
      "bucket": 17,
      "score_lo": 0.38065568224365964,
      "score_hi": 0.4774537604310079,
      "pd_empirical": 0.008130081300813009,
      "n_obs": 246,