{
  "estimator": "gbm",
  "cadence": "quarterly",
  "horizon_quarters": 12,
  "feature_importance": {
    "gross_debt_pct_gdp": 0.007124807741539585,
    "fiscal_balance_pct_gdp": 0.00397005466540421,
    "interest_pct_revenue": 0.0019944719978219226,
    "shadow_debt_gap_pp": 0.0,
    "current_account_pct_gdp": 0.005421536198433064,
    "reserves_to_imports_months": 0.00677120582880919,
    "short_term_debt_pct_reserves": 0.0008023616043854043,
    "external_debt_pct_gni": 0.0037476431195344606,
    "real_gdp_growth": 0.0015274325139787103,
    "inflation": 0.001597567486021223,
    "gdp_per_capita_ppp": 0.036536364786174017,
    "rule_of_law": 0.0020581369774226753,
    "control_of_corruption": 0.0022954250613601347,
    "govt_effectiveness": 0.005339140622460237,
    "regulatory_quality": 0.0021014459258476225,
    "political_stability": 0.003714709016693174,
    "voice_accountability": 0.008353293588066024,
    "years_since_default": 0.012313652788839714,
    "default_count_25y": 0.0020001229235070196,
    "debt_chg_5y_pp": 0.0008078347481388582,
    "tot_volatility_5y": 0.0010971303964435243,
    "reer_overvaluation_pct": 0.0013031225110528677,
    "reserve_currency_share": 0.0016812964264815821,
    "vix_annual": 0.0006134111577972057,
    "region_default_rate": 0.008325908821234651,
    "external_liquidity_ratio": 0.0015356358802541825
  },
  "coefficients": {
    "gross_debt_pct_gdp": 0.007124807741539585,
    "fiscal_balance_pct_gdp": -0.00397005466540421,
    "interest_pct_revenue": 0.0019944719978219226,
    "shadow_debt_gap_pp": 0.0,
    "current_account_pct_gdp": -0.005421536198433064,
    "reserves_to_imports_months": -0.00677120582880919,
    "short_term_debt_pct_reserves": 0.0008023616043854043,
    "external_debt_pct_gni": 0.0037476431195344606,
    "real_gdp_growth": -0.0015274325139787103,
    "inflation": 0.001597567486021223,
    "gdp_per_capita_ppp": -0.036536364786174017,
    "rule_of_law": -0.0020581369774226753,
    "control_of_corruption": -0.0022954250613601347,
    "govt_effectiveness": -0.005339140622460237,
    "regulatory_quality": -0.0021014459258476225,
    "political_stability": -0.003714709016693174,
    "voice_accountability": -0.008353293588066024,
    "years_since_default": -0.012313652788839714,
    "default_count_25y": 0.0020001229235070196,
    "debt_chg_5y_pp": 0.0008078347481388582,
    "tot_volatility_5y": 0.0010971303964435243,
    "reer_overvaluation_pct": 0.0013031225110528677,
    "reserve_currency_share": -0.0016812964264815821,
    "vix_annual": 0.0006134111577972057,
    "region_default_rate": 0.008325908821234651,
    "external_liquidity_ratio": 0.0015356358802541825
  },
  "intercept": 0.0,
  "class_balance_log_odds": -2.3656834328313585,
  "scaler": {
    "gross_debt_pct_gdp": {
      "mean": 49.35290796160361,
      "std": 31.993918675731315
    },
    "fiscal_balance_pct_gdp": {
      "mean": -1.8414455110107284,
      "std": 6.369825364514751
    },
    "interest_pct_revenue": {
      "mean": 5.783452611620537,
      "std": 4.365719086603521
    },
    "shadow_debt_gap_pp": {
      "mean": 5.630717108977978,
      "std": 1.0541032945117563
    },
    "current_account_pct_gdp": {
      "mean": 0.8369565217391307,
      "std": 13.666048499680823
    },
    "reserves_to_imports_months": {
      "mean": 4.8532478970976,
      "std": 4.234966032697369
    },
    "short_term_debt_pct_reserves": {
      "mean": 137.33267979717547,
      "std": 1473.231973038342
    },
    "external_debt_pct_gni": {
      "mean": 39.581751329643815,
      "std": 18.433993142774977
    },
    "real_gdp_growth": {
      "mean": 3.339073969508752,
      "std": 4.463689166466944
    },
    "inflation": {
      "mean": 4.2700734048560145,
      "std": 4.839133894684632
    },
    "gdp_per_capita_ppp": {
      "mean": 29384.17770242801,
      "std": 26089.94010915252
    },
    "rule_of_law": {
      "mean": 0.548300868210051,
      "std": 0.7129930254002154
    },
    "control_of_corruption": {
      "mean": 0.4805061178712593,
      "std": 0.7589648154955428
    },
    "govt_effectiveness": {
      "mean": 0.5246175500564654,
      "std": 0.7027296746883802
    },
    "regulatory_quality": {
      "mean": 0.5713535931677021,
      "std": 0.7097317724678756
    },
    "political_stability": {
      "mean": 0.5406111945793337,
      "std": 0.6501479856835038
    },
    "voice_accountability": {
      "mean": 0.5098911040372672,
      "std": 0.7271950173638491
    },
    "years_since_default": {
      "mean": 68.77639751552795,
      "std": 41.56581263921011
    },
    "default_count_25y": {
      "mean": 0.8063241106719368,
      "std": 1.5075292402558647
    },
    "debt_chg_5y_pp": {
      "mean": 2.302399774138905,
      "std": 14.724262834883943
    },
    "tot_volatility_5y": {
      "mean": 0.10574853688677388,
      "std": 0.0648536239244011
    },
    "reer_overvaluation_pct": {
      "mean": 0.5373741196242412,
      "std": 5.105318686234094
    },
    "reserve_currency_share": {
      "mean": 3.141050254093733,
      "std": 8.137260589060563
    },
    "vix_annual": {
      "mean": 19.715584557994628,
      "std": 5.873462579219386
    },
    "region_default_rate": {
      "mean": 0.25508378621483896,
      "std": 0.22137782436960532
    },
    "external_liquidity_ratio": {
      "mean": 17.942303661751264,
      "std": 44.218664697969835
    }
  },
  "medians": {
    "gross_debt_pct_gdp": 43.8,
    "fiscal_balance_pct_gdp": -2.3,
    "interest_pct_revenue": 4.95387039532298,
    "shadow_debt_gap_pp": 5.6,
    "current_account_pct_gdp": -0.4,
    "reserves_to_imports_months": 4.21712222634877,
    "short_term_debt_pct_reserves": 31.6377915902306,
    "external_debt_pct_gni": 37.19063672863745,
    "real_gdp_growth": 3.3,
    "inflation": 3.1,
    "gdp_per_capita_ppp": 22671.7395,
    "rule_of_law": 0.61564145,
    "control_of_corruption": 0.4780849,
    "govt_effectiveness": 0.511363,
    "regulatory_quality": 0.6299601,
    "political_stability": 0.7006186999999999,
    "voice_accountability": 0.6136436,
    "years_since_default": 100.0,
    "default_count_25y": 0.0,
    "debt_chg_5y_pp": 2.5999999999999996,
    "tot_volatility_5y": 0.09462930331108518,
    "reer_overvaluation_pct": 0.4418974417771948,
    "reserve_currency_share": 0.0,
    "vix_annual": 17.667408098501987,
    "region_default_rate": 0.22727272727272727,
    "external_liquidity_ratio": 1.6311347954422513
  },
  "pd_calibration": [
    {
      "bucket": 1,
      "score_lo": 0.002087211356597015,
      "score_hi": 0.0067577149837681205,
      "pd_empirical": 0.0,
      "n_obs": 708,
      "n_events": 0
    },
    {
      "bucket": 2,
      "score_lo": 0.006775540626256302,
      "score_hi": 0.008716691514187072,
      "pd_empirical": 0.0,
      "n_obs": 708,
      "n_events": 0
    },
    {
      "bucket": 3,
      "score_lo": 0.008739623140859437,
      "score_hi": 0.010844641858966468,
      "pd_empirical": 0.0,
      "n_obs": 709,
      "n_events": 0
    },
    {
      "bucket": 4,
      "score_lo": 0.010844641858966468,
      "score_hi": 0.013244262336328532,
      "pd_empirical": 0.0,
      "n_obs": 708,
      "n_events": 0
    },
    {
      "bucket": 5,
      "score_lo": 0.013244262336328532,
      "score_hi": 0.017084137978388574,
      "pd_empirical": 0.0,
      "n_obs": 709,
      "n_events": 0
    },
    {
      "bucket": 6,
      "score_lo": 0.017084137978388574,
      "score_hi": 0.022673726783922255,
      "pd_empirical": 0.0,
      "n_obs": 708,
      "n_events": 0
    },
    {
      "bucket": 7,
      "score_lo": 0.022673726783922255,
      "score_hi": 0.028396698404909704,
      "pd_empirical": 0.0,
      "n_obs": 708,
      "n_events": 0
    },
    {
      "bucket": 8,
      "score_lo": 0.028396698404909704,
      "score_hi": 0.033668009788359356,
      "pd_empirical": 0.0,
      "n_obs": 709,
      "n_events": 0
    },
    {
      "bucket": 9,
      "score_lo": 0.033668009788359356,
      "score_hi": 0.03921730443521383,