{
  "estimator": "gbm",
  "cadence": "quarterly",
  "horizon_quarters": 12,
  "feature_importance": {
    "gross_debt_pct_gdp": 0.010460331728969185,
    "fiscal_balance_pct_gdp": 0.008738346396246622,
    "interest_pct_revenue": 0.0066434235186823894,
    "shadow_debt_gap_pp": 0.0,
    "current_account_pct_gdp": 0.026648957477027557,
    "reserves_to_imports_months": 0.02438251195952068,
    "short_term_debt_pct_reserves": 0.014845644004760784,
    "external_debt_pct_gni": 0.016088424888771758,
    "real_gdp_growth": 0.009537364742893906,
    "inflation": 0.009637121107534296,
    "gdp_per_capita_ppp": 0.09210216683295995,
    "rule_of_law": 0.012678078935973992,
    "control_of_corruption": 0.008787499006423772,
    "govt_effectiveness": 0.020763998705213303,
    "regulatory_quality": 0.006276447431448506,
    "political_stability": 0.010521753698718462,
    "voice_accountability": 0.014389317956956239
  },
  "coefficients": {
    "gross_debt_pct_gdp": 0.010460331728969185,
    "fiscal_balance_pct_gdp": -0.008738346396246622,
    "interest_pct_revenue": 0.0066434235186823894,
    "shadow_debt_gap_pp": 0.0,
    "current_account_pct_gdp": -0.026648957477027557,
    "reserves_to_imports_months": -0.02438251195952068,
    "short_term_debt_pct_reserves": 0.014845644004760784,
    "external_debt_pct_gni": 0.016088424888771758,
    "real_gdp_growth": -0.009537364742893906,
    "inflation": 0.009637121107534296,
    "gdp_per_capita_ppp": -0.09210216683295995,
    "rule_of_law": -0.012678078935973992,
    "control_of_corruption": -0.008787499006423772,
    "govt_effectiveness": -0.020763998705213303,
    "regulatory_quality": -0.006276447431448506,
    "political_stability": -0.010521753698718462,
    "voice_accountability": -0.014389317956956239
  },
  "intercept": 0.0,
  "class_balance_log_odds": -2.2948100709776798,
  "scaler": {
    "gross_debt_pct_gdp": {
      "mean": 52.61651720542231,
      "std": 35.90379632735771
    },
    "fiscal_balance_pct_gdp": {
      "mean": -2.1904692387904063,
      "std": 6.204877484913531
    },
    "interest_pct_revenue": {
      "mean": 6.506121983254685,
      "std": 5.904410925087459
    },
    "shadow_debt_gap_pp": {
      "mean": 9.143983315954117,
      "std": 1.6864283715946684
    },
    "current_account_pct_gdp": {
      "mean": -0.8449843587069865,
      "std": 13.136083967131235
    },
    "reserves_to_imports_months": {
      "mean": 4.767469585823737,
      "std": 3.884249732046102
    },
    "short_term_debt_pct_reserves": {
      "mean": 30.815414871740728,
      "std": 61.3238646189927
    },
    "external_debt_pct_gni": {
      "mean": 45.278042194964605,
      "std": 26.212807904623066
    },
    "real_gdp_growth": {
      "mean": 3.3880709071949946,
      "std": 4.672483194563838
    },
    "inflation": {
      "mean": 24.794056308654852,
      "std": 987.6746599081151
    },
    "gdp_per_capita_ppp": {
      "mean": 23524.83682836288,
      "std": 24733.187733239374
    },
    "rule_of_law": {
      "mean": 0.049905615057351756,
      "std": 0.8425620386687604
    },
    "control_of_corruption": {
      "mean": 0.028479709051095252,
      "std": 0.8503546508773904
    },
    "govt_effectiveness": {
      "mean": 0.09034278963503678,
      "std": 0.8199461894305586
    },
    "regulatory_quality": {
      "mean": 0.07374428444212748,
      "std": 0.8263647850634454
    },
    "political_stability": {
      "mean": 0.11012221099061549,
      "std": 0.8004468095534674
    },
    "voice_accountability": {
      "mean": 0.0740176400729931,
      "std": 0.8343145879066279
    }
  },
  "medians": {
    "gross_debt_pct_gdp": 46.3,
    "fiscal_balance_pct_gdp": -2.5,
    "interest_pct_revenue": 5.41407297462898,
    "shadow_debt_gap_pp": 9.1,
    "current_account_pct_gdp": -1.5,
    "reserves_to_imports_months": 4.1676367510060555,
    "short_term_debt_pct_reserves": 25.071969614961098,
    "external_debt_pct_gni": 41.305984636710704,
    "real_gdp_growth": 3.5,
    "inflation": 3.5,
    "gdp_per_capita_ppp": 15052.708,
    "rule_of_law": -0.0201063,
    "control_of_corruption": -0.0798663999999999,
    "govt_effectiveness": 0.0250833,
    "regulatory_quality": 0.0071335,
    "political_stability": 0.1588848,
    "voice_accountability": 0.09736294999999995
  },
  "pd_calibration": [
    {
      "bucket": 1,
      "score_lo": 0.005041078583045025,
      "score_hi": 0.012816706328455909,
      "pd_empirical": 0.0,
      "n_obs": 959,
      "n_events": 0
    },
    {
      "bucket": 2,
      "score_lo": 0.012816706328455909,
      "score_hi": 0.016024076479819224,
      "pd_empirical": 0.0,
      "n_obs": 959,
      "n_events": 0
    },
    {
      "bucket": 3,
      "score_lo": 0.016024076479819224,
      "score_hi": 0.021000543800337883,
      "pd_empirical": 0.0,
      "n_obs": 959,
      "n_events": 0
    },
    {
      "bucket": 4,
      "score_lo": 0.021000543800337883,
      "score_hi": 0.03588260411506877,
      "pd_empirical": 0.0,
      "n_obs": 959,
      "n_events": 0
    },
    {
      "bucket": 5,
      "score_lo": 0.03589019315635656,
      "score_hi": 0.05889005141585649,
      "pd_empirical": 0.0,
      "n_obs": 959,
      "n_events": 0
    },
    {
      "bucket": 6,
      "score_lo": 0.05889005141585649,
      "score_hi": 0.0802620527790269,
      "pd_empirical": 0.0,
      "n_obs": 959,
      "n_events": 0
    },
    {
      "bucket": 7,
      "score_lo": 0.0802620527790269,
      "score_hi": 0.0976248375823851,
      "pd_empirical": 0.0,
      "n_obs": 959,
      "n_events": 0
    },
    {
      "bucket": 8,
      "score_lo": 0.0976248375823851,
      "score_hi": 0.11803234831207852,
      "pd_empirical": 0.0,
      "n_obs": 959,
      "n_events": 0
    },
    {
      "bucket": 9,
      "score_lo": 0.11823982773205229,
      "score_hi": 0.14187482977476076,
      "pd_empirical": 0.004171011470281543,
      "n_obs": 959,
      "n_events": 4
    },
    {
      "bucket": 10,
      "score_lo": 0.14187482977476076,
      "score_hi": 0.17275985739723695,
      "pd_empirical": 0.0,
      "n_obs": 959,
      "n_events": 0
    },
    {
      "bucket": 11,
      "score_lo": 0.17275985739723695,
      "score_hi": 0.21186053778128486,
      "pd_empirical": 0.0,
      "n_obs": 959,
      "n_events": 0
    },
    {
      "bucket": 12,
      "score_lo": 0.21186053778128486,
      "score_hi": 0.2525848234608177,
      "pd_empirical": 0.0,
      "n_obs": 959,
      "n_events": 0
    },
    {
      "bucket": 13,
      "score_lo": 0.25298475342470056,
      "score_hi": 0.30798086614018744,
      "pd_empirical": 0.0,
      "n_obs": 959,
      "n_events": 0
    },
    {
      "bucket": 14,
      "score_lo": 0.30798086614018744,
      "score_hi": 0.36542473901859274,
      "pd_empirical": 0.016684045881126174,
      "n_obs": 959,
      "n_events": 16
    },
    {
      "bucket": 15,
      "score_lo": 0.36542473901859274,
      "score_hi": 0.42089236943165026,
      "pd_empirical": 0.03336809176225235,
      "n_obs": 959,
      "n_events": 32
    },
    {
      "bucket": 16,
      "score_lo": 0.42089236943165026,
      "score_hi": 0.4954104659735778,
      "pd_empirical": 0.04171011470281543,
      "n_obs": 959,
      "n_events": 40
    },
    {
      "bucket": 17,
      "score_lo": 0.4956930410865596,
      "score_hi": 0.5995969796494379,
      "pd_empirical": 0.07507820646506778,
      "n_obs": 959,
      "n_events": 72
    },
    {
      "bucket": 18,
      "score_lo": 0.5995969796494379,
      "score_hi": 0.7110468213379783,
      "pd_empirical": 0.22523461939520334,
      "n_obs": 959,
      "n_events": 216
    },
    {
      "bucket": 19,
      "score_lo": 0.7110468213379783,
      "score_hi": 0.8184497643758373,
      "pd_empirical": 0.5641293013555787,
      "n_obs": 959,
      "n_events": 541
    },
    {
      "bucket": 20,
      "score_lo": 0.8184497643758373,
      "score_hi": 0.957452541249766,
      "pd_empirical": 0.8706986444212722,
      "n_obs": 959,
      "n_events": 835
    }
  ],