{
  "estimator": "gbm",
  "cadence": "quarterly",
  "horizon_quarters": 20,
  "feature_importance": {
    "gross_debt_pct_gdp": 0.0071029341641957846,
    "fiscal_balance_pct_gdp": 0.0050678829316479265,
    "interest_pct_revenue": 0.003211584034735937,
    "shadow_debt_gap_pp": 0.0,
    "current_account_pct_gdp": 0.025443059706071015,
    "reserves_to_imports_months": 0.016945262736689393,
    "short_term_debt_pct_reserves": 0.006435161743257889,
    "external_debt_pct_gni": 0.015912411331269617,
    "real_gdp_growth": 0.006078356015339436,
    "inflation": 0.004443668272165402,
    "gdp_per_capita_ppp": 0.05589034753405018,
    "rule_of_law": 0.010533328725484537,
    "control_of_corruption": 0.009763772678770244,
    "govt_effectiveness": 0.027395096854133594,
    "regulatory_quality": 0.012481960951588045,
    "political_stability": 0.006123175757848753,
    "voice_accountability": 0.0088561898811641,
    "years_since_default": 0.027377285933066053,
    "default_count_25y": 0.0023365676289822,
    "debt_chg_5y_pp": 0.009024438651412114,
    "tot_volatility_5y": 0.004393312801225169,
    "reer_overvaluation_pct": 0.0038015941538824373
  },
  "coefficients": {
    "gross_debt_pct_gdp": 0.0071029341641957846,
    "fiscal_balance_pct_gdp": -0.0050678829316479265,
    "interest_pct_revenue": 0.003211584034735937,
    "shadow_debt_gap_pp": 0.0,
    "current_account_pct_gdp": -0.025443059706071015,
    "reserves_to_imports_months": -0.016945262736689393,
    "short_term_debt_pct_reserves": 0.006435161743257889,
    "external_debt_pct_gni": 0.015912411331269617,
    "real_gdp_growth": -0.006078356015339436,
    "inflation": 0.004443668272165402,
    "gdp_per_capita_ppp": -0.05589034753405018,
    "rule_of_law": -0.010533328725484537,
    "control_of_corruption": -0.009763772678770244,
    "govt_effectiveness": -0.027395096854133594,
    "regulatory_quality": -0.012481960951588045,
    "political_stability": -0.006123175757848753,
    "voice_accountability": -0.0088561898811641,
    "years_since_default": -0.027377285933066053,
    "default_count_25y": 0.0023365676289822,
    "debt_chg_5y_pp": 0.009024438651412114,
    "tot_volatility_5y": 0.004393312801225169,
    "reer_overvaluation_pct": 0.0038015941538824373
  },
  "intercept": 0.0,
  "class_balance_log_odds": -1.9810014688665833,
  "scaler": {
    "gross_debt_pct_gdp": {
      "mean": 52.45979255643685,
      "std": 35.46916753932132
    },
    "fiscal_balance_pct_gdp": {
      "mean": -2.1981492780150496,
      "std": 6.127601862310702
    },
    "interest_pct_revenue": {
      "mean": 6.479026197399014,
      "std": 5.8331713710460456
    },
    "shadow_debt_gap_pp": {
      "mean": 9.142892007321533,
      "std": 1.6653882093868282
    },
    "current_account_pct_gdp": {
      "mean": -0.8612365263371976,
      "std": 12.972486670637782
    },
    "reserves_to_imports_months": {
      "mean": 4.752586607209183,
      "std": 3.836891524366679
    },
    "short_term_debt_pct_reserves": {
      "mean": 109.28465999563747,
      "std": 1252.7125542482524
    },
    "external_debt_pct_gni": {
      "mean": 45.1794879907533,
      "std": 25.892927213986884
    },
    "real_gdp_growth": {
      "mean": 3.390848078096401,
      "std": 4.614182424381406
    },
    "inflation": {
      "mean": 24.265710799267847,
      "std": 975.3496595461272
    },
    "gdp_per_capita_ppp": {
      "mean": 23314.627408582466,
      "std": 24459.935433014314
    },
    "rule_of_law": {
      "mean": 0.04816848802115145,
      "std": 0.8321143443669714
    },
    "control_of_corruption": {
      "mean": 0.025791438702461193,
      "std": 0.839907511377549
    },
    "govt_effectiveness": {
      "mean": 0.08872357919463117,
      "std": 0.8097732034183153
    },
    "regulatory_quality": {
      "mean": 0.07209154584096023,
      "std": 0.8161138135966212
    },
    "political_stability": {
      "mean": 0.11133210235916237,
      "std": 0.7904900245366695
    },
    "voice_accountability": {
      "mean": 0.07459688103518441,
      "std": 0.8239065899975365
    },
    "years_since_default": {
      "mean": 52.809436648362826,
      "std": 43.87775314621332
    },
    "default_count_25y": {
      "mean": 1.2898108602806588,
      "std": 1.768639744495261
    },
    "debt_chg_5y_pp": {
      "mean": 1.6669513931258901,
      "std": 22.84396266664351
    },
    "tot_volatility_5y": {
      "mean": 0.10984802461117696,
      "std": 0.06361107752429625
    },
    "reer_overvaluation_pct": {
      "mean": 0.3196063279217246,
      "std": 4.672952822902463
    }
  },
  "medians": {
    "gross_debt_pct_gdp": 46.3,
    "fiscal_balance_pct_gdp": -2.5,
    "interest_pct_revenue": 5.41407297462898,
    "shadow_debt_gap_pp": 9.1,
    "current_account_pct_gdp": -1.5,
    "reserves_to_imports_months": 4.1676367510060555,
    "short_term_debt_pct_reserves": 28.1855202341122,
    "external_debt_pct_gni": 41.305984636710704,
    "real_gdp_growth": 3.5,
    "inflation": 3.5,
    "gdp_per_capita_ppp": 15052.708,
    "rule_of_law": -0.0201063,
    "control_of_corruption": -0.0798663999999999,
    "govt_effectiveness": 0.0250833,
    "regulatory_quality": 0.0071335,
    "political_stability": 0.1588848,
    "voice_accountability": 0.09736294999999995,
    "years_since_default": 29.0,
    "default_count_25y": 0.0,
    "debt_chg_5y_pp": 3.0,
    "tot_volatility_5y": 0.09935110516134757,
    "reer_overvaluation_pct": 0.2929846897136823
  },
  "pd_calibration": [
    {
      "bucket": 1,
      "score_lo": 0.0037373510316121533,
      "score_hi": 0.00972108071236498,
      "pd_empirical": 0.0,
      "n_obs": 983,
      "n_events": 0
    },
    {
      "bucket": 2,
      "score_lo": 0.00972108071236498,
      "score_hi": 0.013186979923133658,
      "pd_empirical": 0.0,
      "n_obs": 983,
      "n_events": 0
    },
    {
      "bucket": 3,
      "score_lo": 0.013186979923133658,
      "score_hi": 0.020110253265422103,
      "pd_empirical": 0.0,
      "n_obs": 984,
      "n_events": 0
    },
    {
      "bucket": 4,
      "score_lo": 0.020110253265422103,
      "score_hi": 0.03231644803357887,
      "pd_empirical": 0.0,
      "n_obs": 983,
      "n_events": 0
    },
    {
      "bucket": 5,
      "score_lo": 0.032448501868064965,
      "score_hi": 0.04733674400688032,
      "pd_empirical": 0.0,
      "n_obs": 984,
      "n_events": 0
    },
    {
      "bucket": 6,
      "score_lo": 0.04733674400688032,
      "score_hi": 0.06303034929298751,
      "pd_empirical": 0.0,
      "n_obs": 983,
      "n_events": 0
    },
    {
      "bucket": 7,
      "score_lo": 0.06303034929298751,
      "score_hi": 0.08017696679360772,
      "pd_empirical": 0.0,
      "n_obs": 983,
      "n_events": 0
    },
    {
      "bucket": 8,
      "score_lo": 0.08017696679360772,
      "score_hi": 0.1055090109444983,
      "pd_empirical": 0.0,
      "n_obs": 984,
      "n_events": 0
    },
    {
      "bucket": 9,
      "score_lo": 0.1055090109444983,
      "score_hi": 0.1356982184694317,
      "pd_empirical": 0.02034587995930824,
      "n_obs": 983,
      "n_events": 20
    },
    {
      "bucket": 10,
      "score_lo": 0.1356982184694317,
      "score_hi": 0.1638494881646417,
      "pd_empirical": 0.0,
      "n_obs": 984,
      "n_events": 0
    },
    {
      "bucket": 11,
      "score_lo": 0.1638494881646417,
      "score_hi": 0.19758327856551308,
      "pd_empirical": 0.0,
      "n_obs": 983,
      "n_events": 0
    },
    {
      "bucket": 12,
      "score_lo": 0.19758327856551308,
      "score_hi": 0.24812170275420736,
      "pd_empirical": 0.0,
      "n_obs": 983,
      "n_events": 0
    },
    {
      "bucket": 13,
      "score_lo": 0.24812170275420736,
      "score_hi": 0.29908935630784395,
      "pd_empirical": 0.0040650406504065045,
      "n_obs": 984,
      "n_events": 4
    },
    {
      "bucket": 14,
      "score_lo": 0.29908935630784395,
      "score_hi": 0.3618273617935839,
      "pd_empirical": 0.012207527975584944,
      "n_obs": 983,