{
  "estimator": "gbm",
  "horizon_years": 3,
  "feature_importance": {
    "gross_debt_pct_gdp": 0.006478221205422396,
    "fiscal_balance_pct_gdp": 0.00503133025584337,
    "interest_pct_revenue": 0.002441098306296863,
    "shadow_debt_gap_pp": 2.311165111655855e-05,
    "current_account_pct_gdp": 0.012072256672409798,
    "reserves_to_imports_months": 0.010883352703098027,
    "short_term_debt_pct_reserves": 0.0014632468872922467,
    "external_debt_pct_gni": 0.004545680813367525,
    "real_gdp_growth": 0.0020264092519748146,
    "inflation": 0.001179710103702636,
    "gdp_per_capita_ppp": 0.06573664705308667,
    "rule_of_law": 0.0018173884951723784,
    "control_of_corruption": 0.002399243360098746,
    "govt_effectiveness": 0.009922923913396775,
    "regulatory_quality": 0.001943867640843855,
    "political_stability": 0.006728385780696266,
    "voice_accountability": 0.0013419996098955722,
    "years_since_default": 0.01924905927960723,
    "default_count_25y": 0.0008447181496049616,
    "debt_chg_5y_pp": 0.0014689359091056397,
    "tot_volatility_5y": 0.002400157667175906,
    "reer_overvaluation_pct": 0.0030534300737946494,
    "reserve_currency_share": 0.0012649438412274505
  },
  "coefficients": {
    "gross_debt_pct_gdp": 0.006478221205422396,
    "fiscal_balance_pct_gdp": -0.00503133025584337,
    "interest_pct_revenue": 0.002441098306296863,
    "shadow_debt_gap_pp": 2.311165111655855e-05,
    "current_account_pct_gdp": -0.012072256672409798,
    "reserves_to_imports_months": -0.010883352703098027,
    "short_term_debt_pct_reserves": 0.0014632468872922467,
    "external_debt_pct_gni": 0.004545680813367525,
    "real_gdp_growth": -0.0020264092519748146,
    "inflation": 0.001179710103702636,
    "gdp_per_capita_ppp": -0.06573664705308667,
    "rule_of_law": -0.0018173884951723784,
    "control_of_corruption": -0.002399243360098746,
    "govt_effectiveness": -0.009922923913396775,
    "regulatory_quality": -0.001943867640843855,
    "political_stability": -0.006728385780696266,
    "voice_accountability": -0.0013419996098955722,
    "years_since_default": -0.01924905927960723,
    "default_count_25y": 0.0008447181496049616,
    "debt_chg_5y_pp": 0.0014689359091056397,
    "tot_volatility_5y": 0.002400157667175906,
    "reer_overvaluation_pct": 0.0030534300737946494,
    "reserve_currency_share": -0.0012649438412274505
  },
  "intercept": 0.0,
  "class_balance_log_odds": -2.3656834328313585,
  "scaler": {
    "gross_debt_pct_gdp": {
      "mean": 49.35290796160361,
      "std": 31.997306725512406
    },
    "fiscal_balance_pct_gdp": {
      "mean": -1.8414455110107284,
      "std": 6.370499907875778
    },
    "interest_pct_revenue": {
      "mean": 5.783452611620537,
      "std": 4.366181401762512
    },
    "shadow_debt_gap_pp": {
      "mean": 5.722868435911915,
      "std": 2.1057423175462078
    },
    "current_account_pct_gdp": {
      "mean": 0.8369565217391305,
      "std": 13.667495688851512
    },
    "reserves_to_imports_months": {
      "mean": 4.853247897097599,
      "std": 4.235414501542347
    },
    "short_term_debt_pct_reserves": {
      "mean": 27.46737007815227,
      "std": 17.06106416166251
    },
    "external_debt_pct_gni": {
      "mean": 39.581751329643815,
      "std": 18.43594524145446
    },
    "real_gdp_growth": {
      "mean": 3.339073969508752,
      "std": 4.464161856332161
    },
    "inflation": {
      "mean": 4.270073404856013,
      "std": 4.839646342900245
    },
    "gdp_per_capita_ppp": {
      "mean": 29384.177702428005,
      "std": 26092.702947203095
    },
    "rule_of_law": {
      "mean": 0.548300868210051,
      "std": 0.7130685289947112
    },
    "control_of_corruption": {
      "mean": 0.48050611787125935,
      "std": 0.759045187350011
    },
    "govt_effectiveness": {
      "mean": 0.5246175500564654,
      "std": 0.7028040914282081
    },
    "regulatory_quality": {
      "mean": 0.5713535931677021,
      "std": 0.7098069307066114
    },
    "political_stability": {
      "mean": 0.5406111945793337,
      "std": 0.6502168341970128
    },
    "voice_accountability": {
      "mean": 0.5098911040372672,
      "std": 0.7272720249022432
    },
    "years_since_default": {
      "mean": 68.77639751552795,
      "std": 41.57021432078796
    },
    "default_count_25y": {
      "mean": 0.8063241106719368,
      "std": 1.5076888825981798
    },
    "debt_chg_5y_pp": {
      "mean": 2.3023997741389044,
      "std": 14.725822085440257
    },
    "tot_volatility_5y": {
      "mean": 0.10574853688677388,
      "std": 0.06486049170789113
    },
    "reer_overvaluation_pct": {
      "mean": 0.5373741196242411,
      "std": 5.105859322535535
    },
    "reserve_currency_share": {
      "mean": 3.1410502540937317,
      "std": 8.138122297944697
    }
  },
  "medians": {
    "gross_debt_pct_gdp": 43.8,
    "fiscal_balance_pct_gdp": -2.3,
    "interest_pct_revenue": 4.95387039532298,
    "shadow_debt_gap_pp": 5.6,
    "current_account_pct_gdp": -0.4,
    "reserves_to_imports_months": 4.21712222634877,
    "short_term_debt_pct_reserves": 25.320263174128947,
    "external_debt_pct_gni": 37.19063672863745,
    "real_gdp_growth": 3.3,
    "inflation": 3.1,
    "gdp_per_capita_ppp": 22671.7395,
    "rule_of_law": 0.61564145,
    "control_of_corruption": 0.4780849,
    "govt_effectiveness": 0.511363,
    "regulatory_quality": 0.6299601,
    "political_stability": 0.7006186999999999,
    "voice_accountability": 0.6136436,
    "years_since_default": 100.0,
    "default_count_25y": 0.0,
    "debt_chg_5y_pp": 2.5999999999999996,
    "tot_volatility_5y": 0.09462930331108518,
    "reer_overvaluation_pct": 0.4418974417771948,
    "reserve_currency_share": 0.0
  },
  "pd_calibration": [
    {
      "bucket": 1,
      "score_lo": 0.0018742693061753934,
      "score_hi": 0.005405064868103461,
      "pd_empirical": 0.0,
      "n_obs": 177,
      "n_events": 0
    },
    {
      "bucket": 2,
      "score_lo": 0.005409829864576747,
      "score_hi": 0.0075723776092947,
      "pd_empirical": 0.0,
      "n_obs": 177,
      "n_events": 0
    },
    {
      "bucket": 3,
      "score_lo": 0.0075731609513834865,
      "score_hi": 0.009626214542201292,
      "pd_empirical": 0.0,
      "n_obs": 177,
      "n_events": 0
    },
    {
      "bucket": 4,
      "score_lo": 0.009628004815011993,
      "score_hi": 0.012590072777730709,
      "pd_empirical": 0.0,
      "n_obs": 177,
      "n_events": 0
    },
    {
      "bucket": 5,
      "score_lo": 0.012594292740834618,
      "score_hi": 0.01672021711007358,
      "pd_empirical": 0.0,
      "n_obs": 177,
      "n_events": 0
    },
    {
      "bucket": 6,
      "score_lo": 0.016726593686663148,
      "score_hi": 0.024190452960089048,
      "pd_empirical": 0.0,
      "n_obs": 177,
      "n_events": 0
    },
    {
      "bucket": 7,
      "score_lo": 0.02426702060915399,
      "score_hi": 0.0325929924296133,
      "pd_empirical": 0.0,
      "n_obs": 177,
      "n_events": 0
    },
    {
      "bucket": 8,
      "score_lo": 0.0326199933442633,
      "score_hi": 0.03958819942278915,
      "pd_empirical": 0.0,
      "n_obs": 177,
      "n_events": 0
    },
    {
      "bucket": 9,
      "score_lo": 0.03960819787463183,
      "score_hi": 0.04760668926620241,
      "pd_empirical": 0.0,
      "n_obs": 177,
      "n_events": 0
    },
    {
      "bucket": 10,
      "score_lo": 0.04760668926620241,
      "score_hi": 0.05785001261012351,
      "pd_empirical": 0.0,
      "n_obs": 178,
      "n_events": 0
    },
    {
      "bucket": 11,
      "score_lo": 0.057869646720775325,
      "score_hi": 0.07213355423493485,
      "pd_empirical": 0.0,
      "n_obs": 177,
      "n_events": 0
    },
    {
      "bucket": 12,
      "score_lo": 0.07213983271209277,
      "score_hi": 0.0946141959059547,
      "pd_empirical": 0.0,
      "n_obs": 177,
      "n_events": 0
    },
    {
      "bucket": 13,
      "score_lo": 0.09496060867286538,
      "score_hi": 0.10644391481996802,