{
  "estimator": "gbm",
  "horizon_years": 5,
  "feature_importance": {
    "gross_debt_pct_gdp": 0.006768548015078401,
    "fiscal_balance_pct_gdp": 0.004196785947821446,
    "interest_pct_revenue": 0.0024408655093199117,
    "shadow_debt_gap_pp": 0.0006554923745279107,
    "current_account_pct_gdp": 0.02422533778379027,
    "reserves_to_imports_months": 0.018690133560308596,
    "short_term_debt_pct_reserves": 0.004851890020486682,
    "external_debt_pct_gni": 0.013131242923198427,
    "real_gdp_growth": 0.007310326189096683,
    "inflation": 0.005106324816061292,
    "gdp_per_capita_ppp": 0.061706446898166935,
    "rule_of_law": 0.0055901101068761005,
    "control_of_corruption": 0.010032885284757176,
    "govt_effectiveness": 0.025098434522209966,
    "regulatory_quality": 0.010321451814068506,
    "political_stability": 0.005830682525950115,
    "voice_accountability": 0.00936269568472361,
    "years_since_default": 0.028482096954315427,
    "default_count_25y": 0.002373398060665055,
    "debt_chg_5y_pp": 0.010277631948855859,
    "tot_volatility_5y": 0.005109528306429123,
    "reer_overvaluation_pct": 0.004824883625931609
  },
  "coefficients": {
    "gross_debt_pct_gdp": 0.006768548015078401,
    "fiscal_balance_pct_gdp": -0.004196785947821446,
    "interest_pct_revenue": 0.0024408655093199117,
    "shadow_debt_gap_pp": 0.0006554923745279107,
    "current_account_pct_gdp": -0.02422533778379027,
    "reserves_to_imports_months": -0.018690133560308596,
    "short_term_debt_pct_reserves": 0.004851890020486682,
    "external_debt_pct_gni": 0.013131242923198427,
    "real_gdp_growth": -0.007310326189096683,
    "inflation": 0.005106324816061292,
    "gdp_per_capita_ppp": -0.061706446898166935,
    "rule_of_law": -0.0055901101068761005,
    "control_of_corruption": -0.010032885284757176,
    "govt_effectiveness": -0.025098434522209966,
    "regulatory_quality": -0.010321451814068506,
    "political_stability": -0.005830682525950115,
    "voice_accountability": -0.00936269568472361,
    "years_since_default": -0.028482096954315427,
    "default_count_25y": 0.002373398060665055,
    "debt_chg_5y_pp": 0.010277631948855859,
    "tot_volatility_5y": 0.005109528306429123,
    "reer_overvaluation_pct": 0.004824883625931609
  },
  "intercept": 0.0,
  "class_balance_log_odds": -1.9810014688665833,
  "scaler": {
    "gross_debt_pct_gdp": {
      "mean": 52.45979255643685,
      "std": 35.471873078491186
    },
    "fiscal_balance_pct_gdp": {
      "mean": -2.19814927801505,
      "std": 6.128069267327565
    },
    "interest_pct_revenue": {
      "mean": 6.479026197399013,
      "std": 5.833616317311248
    },
    "shadow_debt_gap_pp": {
      "mean": 9.271568029286147,
      "std": 3.3277143680117534
    },
    "current_account_pct_gdp": {
      "mean": -0.8612365263371975,
      "std": 12.973476194025286
    },
    "reserves_to_imports_months": {
      "mean": 4.752586607209184,
      "std": 3.8371841971590896
    },
    "short_term_debt_pct_reserves": {
      "mean": 30.67290921354933,
      "std": 60.56947662778477
    },
    "external_debt_pct_gni": {
      "mean": 45.1794879907533,
      "std": 25.894902290751485
    },
    "real_gdp_growth": {
      "mean": 3.3908480780964,
      "std": 4.614534387851399
    },
    "inflation": {
      "mean": 24.265710799267847,
      "std": 975.4240578726423
    },
    "gdp_per_capita_ppp": {
      "mean": 23314.627408582466,
      "std": 24461.801203146464
    },
    "rule_of_law": {
      "mean": 0.04816848802115145,
      "std": 0.8321778169012565
    },
    "control_of_corruption": {
      "mean": 0.02579143870246123,
      "std": 0.8399715783638048
    },
    "govt_effectiveness": {
      "mean": 0.08872357919463117,
      "std": 0.8098349718012433
    },
    "regulatory_quality": {
      "mean": 0.07209154584096023,
      "std": 0.8161760656324162
    },
    "political_stability": {
      "mean": 0.11133210235916238,
      "std": 0.7905503220252542
    },
    "voice_accountability": {
      "mean": 0.07459688103518441,
      "std": 0.8239694364556046
    },
    "years_since_default": {
      "mean": 52.809436648362826,
      "std": 43.881100080695134
    },
    "default_count_25y": {
      "mean": 1.2898108602806588,
      "std": 1.76877465389493
    },
    "debt_chg_5y_pp": {
      "mean": 1.6669513931258897,
      "std": 22.845705172602727
    },
    "tot_volatility_5y": {
      "mean": 0.10984802461117696,
      "std": 0.06361592968953707
    },
    "reer_overvaluation_pct": {
      "mean": 0.3196063279217246,
      "std": 4.673309269297162
    }
  },
  "medians": {
    "gross_debt_pct_gdp": 46.3,
    "fiscal_balance_pct_gdp": -2.5,
    "interest_pct_revenue": 5.41407297462898,
    "shadow_debt_gap_pp": 9.1,
    "current_account_pct_gdp": -1.5,
    "reserves_to_imports_months": 4.1676367510060555,
    "short_term_debt_pct_reserves": 25.071969614961098,
    "external_debt_pct_gni": 41.305984636710704,
    "real_gdp_growth": 3.5,
    "inflation": 3.5,
    "gdp_per_capita_ppp": 15052.708,
    "rule_of_law": -0.0201063,
    "control_of_corruption": -0.0798663999999999,
    "govt_effectiveness": 0.0250833,
    "regulatory_quality": 0.0071335,
    "political_stability": 0.1588848,
    "voice_accountability": 0.09736294999999995,
    "years_since_default": 29.0,
    "default_count_25y": 0.0,
    "debt_chg_5y_pp": 3.0,
    "tot_volatility_5y": 0.09935110516134757,
    "reer_overvaluation_pct": 0.2929846897136823
  },
  "pd_calibration": [
    {
      "bucket": 1,
      "score_lo": 0.0033764928284660935,
      "score_hi": 0.012625681311181207,
      "pd_empirical": 0.0,
      "n_obs": 245,
      "n_events": 0
    },
    {
      "bucket": 2,
      "score_lo": 0.012658853023565649,
      "score_hi": 0.016352102258118745,
      "pd_empirical": 0.0,
      "n_obs": 246,
      "n_events": 0
    },
    {
      "bucket": 3,
      "score_lo": 0.0163532352258287,
      "score_hi": 0.021834748401296036,
      "pd_empirical": 0.0,
      "n_obs": 246,
      "n_events": 0
    },
    {
      "bucket": 4,
      "score_lo": 0.021836664010541223,
      "score_hi": 0.03477395915896994,
      "pd_empirical": 0.0,
      "n_obs": 246,
      "n_events": 0
    },
    {
      "bucket": 5,
      "score_lo": 0.03482499256486454,
      "score_hi": 0.05006009731654848,
      "pd_empirical": 0.0,
      "n_obs": 246,
      "n_events": 0
    },
    {
      "bucket": 6,
      "score_lo": 0.05006562854582286,
      "score_hi": 0.06294251277567517,
      "pd_empirical": 0.0,
      "n_obs": 246,
      "n_events": 0
    },
    {
      "bucket": 7,
      "score_lo": 0.06296055234590849,
      "score_hi": 0.0765598617657399,
      "pd_empirical": 0.0,
      "n_obs": 245,
      "n_events": 0
    },
    {
      "bucket": 8,
      "score_lo": 0.07660202821529685,
      "score_hi": 0.10229202572966184,
      "pd_empirical": 0.0,
      "n_obs": 246,
      "n_events": 0
    },
    {
      "bucket": 9,
      "score_lo": 0.10252142813715913,
      "score_hi": 0.12369530633128388,
      "pd_empirical": 0.02032520325203252,
      "n_obs": 246,
      "n_events": 5
    },
    {
      "bucket": 10,
      "score_lo": 0.1239035334709321,
      "score_hi": 0.16135631425657007,
      "pd_empirical": 0.0,
      "n_obs": 246,
      "n_events": 0
    },
    {
      "bucket": 11,
      "score_lo": 0.16235349503378962,
      "score_hi": 0.20274037595398794,
      "pd_empirical": 0.0,
      "n_obs": 246,
      "n_events": 0
    },
    {
      "bucket": 12,
      "score_lo": 0.20284850586503655,
      "score_hi": 0.25395634518891863,
      "pd_empirical": 0.0040650406504065045,
      "n_obs": 246,
      "n_events": 1
    },
    {
      "bucket": 13,
      "score_lo": 0.2540965378451242,
      "score_hi": 0.30355590969575724,
      "pd_empirical": 0.0040650406504065045,
      "n_obs": 246,
      "n_events": 1
    },
    {
      "bucket": 14,
      "score_lo": 0.30366489665931096,
      "score_hi": 0.36605198034940023,
      "pd_empirical": 0.0163265306122449,