{
  "estimator": "gbm",
  "cadence": "quarterly",
  "horizon_quarters": 20,
  "feature_importance": {
    "gross_debt_pct_gdp": 0.009445035094722321,
    "fiscal_balance_pct_gdp": 0.005063657722003767,
    "interest_pct_revenue": 0.005124436671072585,
    "shadow_debt_gap_pp": 0.0,
    "current_account_pct_gdp": 0.026925673878467782,
    "reserves_to_imports_months": 0.019958788552550445,
    "short_term_debt_pct_reserves": 0.00581021901778267,
    "external_debt_pct_gni": 0.01691766660868028,
    "real_gdp_growth": 0.0063033842254698325,
    "inflation": 0.00471009431463949,
    "gdp_per_capita_ppp": 0.0640290939053693,
    "rule_of_law": 0.009815700772254733,
    "control_of_corruption": 0.006155720307721424,
    "govt_effectiveness": 0.022404850026171496,
    "regulatory_quality": 0.013266420509172505,
    "political_stability": 0.00825538497023277,
    "voice_accountability": 0.013326272387543891,
    "years_since_default": 0.03555162259699394,
    "default_count_25y": 0.0021052149522622133,
    "debt_chg_5y_pp": 0.01244272304835603
  },
  "coefficients": {
    "gross_debt_pct_gdp": 0.009445035094722321,
    "fiscal_balance_pct_gdp": -0.005063657722003767,
    "interest_pct_revenue": 0.005124436671072585,
    "shadow_debt_gap_pp": 0.0,
    "current_account_pct_gdp": -0.026925673878467782,
    "reserves_to_imports_months": -0.019958788552550445,
    "short_term_debt_pct_reserves": 0.00581021901778267,
    "external_debt_pct_gni": 0.01691766660868028,
    "real_gdp_growth": -0.0063033842254698325,
    "inflation": 0.00471009431463949,
    "gdp_per_capita_ppp": -0.0640290939053693,
    "rule_of_law": -0.009815700772254733,
    "control_of_corruption": -0.006155720307721424,
    "govt_effectiveness": -0.022404850026171496,
    "regulatory_quality": -0.013266420509172505,
    "political_stability": -0.00825538497023277,
    "voice_accountability": -0.013326272387543891,
    "years_since_default": -0.03555162259699394,
    "default_count_25y": 0.0021052149522622133,
    "debt_chg_5y_pp": 0.01244272304835603
  },
  "intercept": 0.0,
  "class_balance_log_odds": -1.9810014688665833,
  "scaler": {
    "gross_debt_pct_gdp": {
      "mean": 52.45979255643685,
      "std": 35.46916753932132
    },
    "fiscal_balance_pct_gdp": {
      "mean": -2.1981492780150496,
      "std": 6.127601862310702
    },
    "interest_pct_revenue": {
      "mean": 6.479026197399014,
      "std": 5.8331713710460456
    },
    "shadow_debt_gap_pp": {
      "mean": 9.142892007321533,
      "std": 1.6653882093868282
    },
    "current_account_pct_gdp": {
      "mean": -0.8612365263371976,
      "std": 12.972486670637782
    },
    "reserves_to_imports_months": {
      "mean": 4.752586607209183,
      "std": 3.836891524366679
    },
    "short_term_debt_pct_reserves": {
      "mean": 109.28465999563747,
      "std": 1252.7125542482524
    },
    "external_debt_pct_gni": {
      "mean": 45.1794879907533,
      "std": 25.892927213986884
    },
    "real_gdp_growth": {
      "mean": 3.390848078096401,
      "std": 4.614182424381406
    },
    "inflation": {
      "mean": 24.265710799267847,
      "std": 975.3496595461272
    },
    "gdp_per_capita_ppp": {
      "mean": 23314.627408582466,
      "std": 24459.935433014314
    },
    "rule_of_law": {
      "mean": 0.04816848802115145,
      "std": 0.8321143443669714
    },
    "control_of_corruption": {
      "mean": 0.025791438702461193,
      "std": 0.839907511377549
    },
    "govt_effectiveness": {
      "mean": 0.08872357919463117,
      "std": 0.8097732034183153
    },
    "regulatory_quality": {
      "mean": 0.07209154584096023,
      "std": 0.8161138135966212
    },
    "political_stability": {
      "mean": 0.11133210235916237,
      "std": 0.7904900245366695
    },
    "voice_accountability": {
      "mean": 0.07459688103518441,
      "std": 0.8239065899975365
    },
    "years_since_default": {
      "mean": 52.809436648362826,
      "std": 43.87775314621332
    },
    "default_count_25y": {
      "mean": 1.2898108602806588,
      "std": 1.768639744495261
    },
    "debt_chg_5y_pp": {
      "mean": 1.6669513931258901,
      "std": 22.84396266664351
    }
  },
  "medians": {
    "gross_debt_pct_gdp": 46.3,
    "fiscal_balance_pct_gdp": -2.5,
    "interest_pct_revenue": 5.41407297462898,
    "shadow_debt_gap_pp": 9.1,
    "current_account_pct_gdp": -1.5,
    "reserves_to_imports_months": 4.1676367510060555,
    "short_term_debt_pct_reserves": 28.1855202341122,
    "external_debt_pct_gni": 41.305984636710704,
    "real_gdp_growth": 3.5,
    "inflation": 3.5,
    "gdp_per_capita_ppp": 15052.708,
    "rule_of_law": -0.0201063,
    "control_of_corruption": -0.0798663999999999,
    "govt_effectiveness": 0.0250833,
    "regulatory_quality": 0.0071335,
    "political_stability": 0.1588848,
    "voice_accountability": 0.09736294999999995,
    "years_since_default": 29.0,
    "default_count_25y": 0.0,
    "debt_chg_5y_pp": 3.0
  },
  "pd_calibration": [
    {
      "bucket": 1,
      "score_lo": 0.004164364714159839,
      "score_hi": 0.010232668049141854,
      "pd_empirical": 0.0,
      "n_obs": 983,
      "n_events": 0
    },
    {
      "bucket": 2,
      "score_lo": 0.010232668049141854,
      "score_hi": 0.013458659822983676,
      "pd_empirical": 0.0,
      "n_obs": 983,
      "n_events": 0
    },
    {
      "bucket": 3,
      "score_lo": 0.013458659822983676,
      "score_hi": 0.019084573752640978,
      "pd_empirical": 0.0,
      "n_obs": 984,
      "n_events": 0
    },
    {
      "bucket": 4,
      "score_lo": 0.019084573752640978,
      "score_hi": 0.03254717316549325,
      "pd_empirical": 0.0,
      "n_obs": 983,
      "n_events": 0
    },
    {
      "bucket": 5,
      "score_lo": 0.03254717316549325,
      "score_hi": 0.0463621627610842,
      "pd_empirical": 0.0,
      "n_obs": 984,
      "n_events": 0
    },
    {
      "bucket": 6,
      "score_lo": 0.0463621627610842,
      "score_hi": 0.0622909765832747,
      "pd_empirical": 0.0,
      "n_obs": 983,
      "n_events": 0
    },
    {
      "bucket": 7,
      "score_lo": 0.06243047947797331,
      "score_hi": 0.07907835254676357,
      "pd_empirical": 0.0,
      "n_obs": 983,
      "n_events": 0
    },
    {
      "bucket": 8,
      "score_lo": 0.07907835254676357,
      "score_hi": 0.10664606014260067,
      "pd_empirical": 0.0,
      "n_obs": 984,
      "n_events": 0
    },
    {
      "bucket": 9,
      "score_lo": 0.10664606014260067,
      "score_hi": 0.14124074066184164,
      "pd_empirical": 0.0,
      "n_obs": 983,
      "n_events": 0
    },
    {
      "bucket": 10,
      "score_lo": 0.14124074066184164,
      "score_hi": 0.16318483680785387,
      "pd_empirical": 0.02032520325203252,
      "n_obs": 984,
      "n_events": 20
    },
    {
      "bucket": 11,
      "score_lo": 0.16318483680785387,
      "score_hi": 0.20280536902158883,
      "pd_empirical": 0.0,
      "n_obs": 983,
      "n_events": 0
    },
    {
      "bucket": 12,
      "score_lo": 0.20280536902158883,
      "score_hi": 0.2530618499727786,
      "pd_empirical": 0.0,
      "n_obs": 983,
      "n_events": 0
    },
    {
      "bucket": 13,
      "score_lo": 0.2530618499727786,
      "score_hi": 0.3114480548035883,
      "pd_empirical": 0.0040650406504065045,
      "n_obs": 984,
      "n_events": 4
    },
    {
      "bucket": 14,
      "score_lo": 0.3114480548035883,
      "score_hi": 0.3759902851522314,
      "pd_empirical": 0.012207527975584944,
      "n_obs": 983,
      "n_events": 12
    },
    {
      "bucket": 15,
      "score_lo": 0.3759902851522314,
      "score_hi": 0.45196785006902124,
      "pd_empirical": 0.04065040650406504,
      "n_obs": 984,
      "n_events": 40
    },
    {
      "bucket": 16,
      "score_lo": 0.45196785006902124,
      "score_hi": 0.5498346659942606,
      "pd_empirical": 0.044760935910478125,
      "n_obs": 983,
      "n_events": 44
    },
    {
      "bucket": 17,
      "score_lo": 0.5498346659942606,
      "score_hi": 0.6563119399071607,