{
  "estimator": "gbm",
  "horizon_years": 5,
  "feature_importance": {
    "gross_debt_pct_gdp": 0.012943373521242918,
    "fiscal_balance_pct_gdp": 0.0020348494650761274,
    "interest_pct_revenue": 0.0025722317127323535,
    "current_account_pct_gdp": 0.006864929448094625,
    "reserves_to_imports_months": 0.005608839415107192,
    "short_term_debt_pct_reserves": 0.002553970393250593,
    "external_debt_pct_gni": 0.0062752605164520525,
    "external_liquidity_ratio": 0.002541991279829847,
    "real_gdp_growth": 0.0025981409352450304,
    "inflation": 0.001394142486676775,
    "gdp_per_capita_ppp": 0.042368953571765934,
    "rule_of_law": 0.001652376273707612,
    "govt_effectiveness": 0.00971115899288053,
    "political_stability": 0.005354507619418603,
    "control_of_corruption": 0.00203523966421032,
    "years_since_default": 0.015551308454756852,
    "debt_chg_5y_pp": 0.0017640122460097496,
    "tot_volatility_5y": 0.001896640931733229,
    "reserve_currency_share": 0.0009959052502855003,
    "region_default_rate": 0.012490001147185537,
    "vix_annual": 0.000703529039009887
  },
  "coefficients": {
    "gross_debt_pct_gdp": 0.012943373521242918,
    "fiscal_balance_pct_gdp": -0.0020348494650761274,
    "interest_pct_revenue": 0.0025722317127323535,
    "current_account_pct_gdp": -0.006864929448094625,
    "reserves_to_imports_months": -0.005608839415107192,
    "short_term_debt_pct_reserves": 0.002553970393250593,
    "external_debt_pct_gni": 0.0062752605164520525,
    "external_liquidity_ratio": 0.002541991279829847,
    "real_gdp_growth": -0.0025981409352450304,
    "inflation": 0.001394142486676775,
    "gdp_per_capita_ppp": -0.042368953571765934,
    "rule_of_law": -0.001652376273707612,
    "govt_effectiveness": -0.00971115899288053,
    "political_stability": -0.005354507619418603,
    "control_of_corruption": -0.00203523966421032,
    "years_since_default": -0.015551308454756852,
    "debt_chg_5y_pp": 0.0017640122460097496,
    "tot_volatility_5y": 0.001896640931733229,
    "reserve_currency_share": -0.0009959052502855003,
    "region_default_rate": 0.012490001147185537,
    "vix_annual": 0.000703529039009887
  },
  "intercept": 0.0,
  "class_balance_log_odds": -2.03603113490939,
  "scaler": {
    "gross_debt_pct_gdp": {
      "mean": 49.35290796160361,
      "std": 31.997306725512406
    },
    "fiscal_balance_pct_gdp": {
      "mean": -1.8414455110107284,
      "std": 6.370499907875778
    },
    "interest_pct_revenue": {
      "mean": 5.783452611620537,
      "std": 4.366181401762512
    },
    "current_account_pct_gdp": {
      "mean": 0.8369565217391305,
      "std": 13.667495688851512
    },
    "reserves_to_imports_months": {
      "mean": 4.853247897097599,
      "std": 4.235414501542347
    },
    "short_term_debt_pct_reserves": {
      "mean": 27.46737007815227,
      "std": 17.06106416166251
    },
    "external_debt_pct_gni": {
      "mean": 39.581751329643815,
      "std": 18.43594524145446
    },
    "external_liquidity_ratio": {
      "mean": 17.94230366175126,
      "std": 44.223347307773594
    },
    "real_gdp_growth": {
      "mean": 3.339073969508752,
      "std": 4.464161856332161
    },
    "inflation": {
      "mean": 4.270073404856013,
      "std": 4.839646342900245
    },
    "gdp_per_capita_ppp": {
      "mean": 29384.177702428005,
      "std": 26092.702947203095
    },
    "rule_of_law": {
      "mean": 0.548300868210051,
      "std": 0.7130685289947112
    },
    "govt_effectiveness": {
      "mean": 0.5246175500564654,
      "std": 0.7028040914282081
    },
    "political_stability": {
      "mean": 0.5406111945793337,
      "std": 0.6502168341970128
    },
    "control_of_corruption": {
      "mean": 0.48050611787125935,
      "std": 0.759045187350011
    },
    "years_since_default": {
      "mean": 68.77639751552795,
      "std": 41.57021432078796
    },
    "debt_chg_5y_pp": {
      "mean": 2.3023997741389044,
      "std": 14.725822085440257
    },
    "tot_volatility_5y": {
      "mean": 0.10574853688677388,
      "std": 0.06486049170789113
    },
    "reserve_currency_share": {
      "mean": 3.1410502540937317,
      "std": 8.138122297944697
    },
    "region_default_rate": {
      "mean": 0.25508378621483896,
      "std": 0.2214012675463233
    },
    "vix_annual": {
      "mean": 19.715584557994628,
      "std": 5.874084559409069
    }
  },
  "medians": {
    "gross_debt_pct_gdp": 43.8,
    "fiscal_balance_pct_gdp": -2.3,
    "interest_pct_revenue": 4.95387039532298,
    "current_account_pct_gdp": -0.4,
    "reserves_to_imports_months": 4.21712222634877,
    "short_term_debt_pct_reserves": 25.320263174128947,
    "external_debt_pct_gni": 37.19063672863745,
    "external_liquidity_ratio": 1.6311347954422513,
    "real_gdp_growth": 3.3,
    "inflation": 3.1,
    "gdp_per_capita_ppp": 22671.7395,
    "rule_of_law": 0.61564145,
    "govt_effectiveness": 0.511363,
    "political_stability": 0.7006186999999999,
    "control_of_corruption": 0.4780849,
    "years_since_default": 100.0,
    "debt_chg_5y_pp": 2.5999999999999996,
    "tot_volatility_5y": 0.09462930331108518,
    "reserve_currency_share": 0.0,
    "region_default_rate": 0.22727272727272727,
    "vix_annual": 17.667408098501987
  },
  "pd_calibration": [
    {
      "bucket": 1,
      "score_lo": 0.0017901044912657577,
      "score_hi": 0.0046830542818404285,
      "pd_empirical": 0.0,
      "n_obs": 177,
      "n_events": 0
    },
    {
      "bucket": 2,
      "score_lo": 0.0047007038120829205,
      "score_hi": 0.006492317638679726,
      "pd_empirical": 0.0,
      "n_obs": 177,
      "n_events": 0
    },
    {
      "bucket": 3,
      "score_lo": 0.006492860399451867,
      "score_hi": 0.008192284814179338,
      "pd_empirical": 0.0,
      "n_obs": 177,
      "n_events": 0
    },
    {
      "bucket": 4,
      "score_lo": 0.008204514738040673,
      "score_hi": 0.010526070883211867,
      "pd_empirical": 0.0,
      "n_obs": 177,
      "n_events": 0
    },
    {
      "bucket": 5,
      "score_lo": 0.01055669396819584,
      "score_hi": 0.014607012783416678,
      "pd_empirical": 0.0,
      "n_obs": 177,
      "n_events": 0
    },
    {
      "bucket": 6,
      "score_lo": 0.014612578933426093,
      "score_hi": 0.018266763049641897,
      "pd_empirical": 0.0,
      "n_obs": 177,
      "n_events": 0
    },
    {
      "bucket": 7,
      "score_lo": 0.018270290823856415,
      "score_hi": 0.025682216728343216,
      "pd_empirical": 0.0,
      "n_obs": 177,
      "n_events": 0
    },
    {
      "bucket": 8,
      "score_lo": 0.025714884575733732,
      "score_hi": 0.03108589079275564,
      "pd_empirical": 0.0,
      "n_obs": 177,
      "n_events": 0
    },
    {
      "bucket": 9,
      "score_lo": 0.031092966308642,
      "score_hi": 0.03799063638609609,
      "pd_empirical": 0.0,
      "n_obs": 177,
      "n_events": 0
    },
    {
      "bucket": 10,
      "score_lo": 0.03799063638609609,
      "score_hi": 0.04657678398280341,
      "pd_empirical": 0.0,
      "n_obs": 178,
      "n_events": 0
    },
    {
      "bucket": 11,
      "score_lo": 0.04667768829514433,
      "score_hi": 0.05576374839248743,
      "pd_empirical": 0.0,
      "n_obs": 177,
      "n_events": 0
    },
    {
      "bucket": 12,
      "score_lo": 0.05576374839248743,
      "score_hi": 0.07033883652721099,
      "pd_empirical": 0.0,
      "n_obs": 177,
      "n_events": 0
    },
    {
      "bucket": 13,
      "score_lo": 0.07039832807755353,
      "score_hi": 0.1018565969288286,
      "pd_empirical": 0.0,
      "n_obs": 177,
      "n_events": 0
    },
    {
      "bucket": 14,
      "score_lo": 0.10191133202786885,
      "score_hi": 0.15732093215200904,
      "pd_empirical": 0.0,
      "n_obs": 177,
      "n_events": 0
    },
    {
      "bucket": 15,
      "score_lo": 0.15797879964261208,
      "score_hi": 0.24675242085789767,
      "pd_empirical": 0.0,
      "n_obs": 177,
      "n_events": 0
    },
    {
      "bucket": 16,
      "score_lo": 0.24685662489170737,