{
  "estimator": "gbm",
  "horizon_years": 1,
  "feature_importance": {
    "gross_debt_pct_gdp": 0.0034353998813401844,
    "fiscal_balance_pct_gdp": 0.0036824240125100105,
    "interest_pct_revenue": 0.0013557654770543048,
    "current_account_pct_gdp": 0.0066495808309274705,
    "reserves_to_imports_months": 0.003786527039217269,
    "short_term_debt_pct_reserves": 0.0029417927335205207,
    "external_debt_pct_gni": 0.0028193834542355025,
    "external_liquidity_ratio": 0.003244176736943616,
    "real_gdp_growth": 0.004771756319516873,
    "inflation": 0.005955928248312215,
    "gdp_per_capita_ppp_log": 0.014059643094241913,
    "rule_of_law": 0.002312101756297458,
    "govt_effectiveness": 0.004571490327461414,
    "political_stability": 0.005113620072475122,
    "control_of_corruption": 0.0020902211527646154,
    "years_since_default": 0.0080124041403009,
    "debt_chg_5y_pp": 0.0016133763567028558,
    "fiscal_balance_chg_3y": 0.00374087168640288,
    "tot_volatility_5y": 0.0022518896243248323,
    "reserve_currency_share": 0.0015278001398333462,
    "region_default_rate": 0.007495417922924086,
    "vix_annual": 0.001106976887804778
  },
  "coefficients": {
    "gross_debt_pct_gdp": 0.0034353998813401844,
    "fiscal_balance_pct_gdp": -0.0036824240125100105,
    "interest_pct_revenue": 0.0013557654770543048,
    "current_account_pct_gdp": -0.0066495808309274705,
    "reserves_to_imports_months": -0.003786527039217269,
    "short_term_debt_pct_reserves": 0.0029417927335205207,
    "external_debt_pct_gni": 0.0028193834542355025,
    "external_liquidity_ratio": 0.003244176736943616,
    "real_gdp_growth": -0.004771756319516873,
    "inflation": 0.005955928248312215,
    "gdp_per_capita_ppp_log": -0.014059643094241913,
    "rule_of_law": -0.002312101756297458,
    "govt_effectiveness": -0.004571490327461414,
    "political_stability": -0.005113620072475122,
    "control_of_corruption": -0.0020902211527646154,
    "years_since_default": -0.0080124041403009,
    "debt_chg_5y_pp": 0.0016133763567028558,
    "fiscal_balance_chg_3y": -0.00374087168640288,
    "tot_volatility_5y": 0.0022518896243248323,
    "reserve_currency_share": -0.0015278001398333462,
    "region_default_rate": 0.007495417922924086,
    "vix_annual": 0.001106976887804778
  },
  "intercept": 0.0,
  "class_balance_log_odds": -3.2438251439161494,
  "scaler": {
    "gross_debt_pct_gdp": {
      "mean": 49.35290796160361,
      "std": 31.997306725512406
    },
    "fiscal_balance_pct_gdp": {
      "mean": -1.8414455110107284,
      "std": 6.370499907875778
    },
    "interest_pct_revenue": {
      "mean": 5.783452611620537,
      "std": 4.366181401762512
    },
    "current_account_pct_gdp": {
      "mean": 0.8369565217391305,
      "std": 13.667495688851512
    },
    "reserves_to_imports_months": {
      "mean": 4.853247897097599,
      "std": 4.235414501542347
    },
    "short_term_debt_pct_reserves": {
      "mean": 27.46737007815227,
      "std": 17.06106416166251
    },
    "external_debt_pct_gni": {
      "mean": 39.581751329643815,
      "std": 18.43594524145446
    },
    "external_liquidity_ratio": {
      "mean": 17.94230366175126,
      "std": 44.223347307773594
    },
    "real_gdp_growth": {
      "mean": 3.339073969508752,
      "std": 4.464161856332161
    },
    "inflation": {
      "mean": 4.270073404856013,
      "std": 4.839646342900245
    },
    "gdp_per_capita_ppp_log": {
      "mean": 9.867178806511905,
      "std": 1.0078419224297888
    },
    "rule_of_law": {
      "mean": 0.548300868210051,
      "std": 0.7130685289947112
    },
    "govt_effectiveness": {
      "mean": 0.5246175500564654,
      "std": 0.7028040914282081
    },
    "political_stability": {
      "mean": 0.5406111945793337,
      "std": 0.6502168341970128
    },
    "control_of_corruption": {
      "mean": 0.48050611787125935,
      "std": 0.759045187350011
    },
    "years_since_default": {
      "mean": 68.77639751552795,
      "std": 41.57021432078796
    },
    "debt_chg_5y_pp": {
      "mean": 2.3023997741389044,
      "std": 14.725822085440257
    },
    "fiscal_balance_chg_3y": {
      "mean": -0.15135516657255788,
      "std": 5.9519200752917545
    },
    "tot_volatility_5y": {
      "mean": 0.10574853688677388,
      "std": 0.06486049170789113
    },
    "reserve_currency_share": {
      "mean": 3.1410502540937317,
      "std": 8.138122297944697
    },
    "region_default_rate": {
      "mean": 0.25508378621483896,
      "std": 0.2214012675463233
    },
    "vix_annual": {
      "mean": 19.715584557994628,
      "std": 5.874084559409069
    }
  },
  "medians": {
    "gross_debt_pct_gdp": 43.8,
    "fiscal_balance_pct_gdp": -2.3,
    "interest_pct_revenue": 4.95387039532298,
    "current_account_pct_gdp": -0.4,
    "reserves_to_imports_months": 4.21712222634877,
    "short_term_debt_pct_reserves": 25.320263174128947,
    "external_debt_pct_gni": 37.19063672863745,
    "external_liquidity_ratio": 1.6311347954422513,
    "real_gdp_growth": 3.3,
    "inflation": 3.1,
    "gdp_per_capita_ppp_log": 10.028874470849477,
    "rule_of_law": 0.61564145,
    "govt_effectiveness": 0.511363,
    "political_stability": 0.7006186999999999,
    "control_of_corruption": 0.4780849,
    "years_since_default": 100.0,
    "debt_chg_5y_pp": 2.5999999999999996,
    "fiscal_balance_chg_3y": 0.1499999999999999,
    "tot_volatility_5y": 0.09462930331108518,
    "reserve_currency_share": 0.0,
    "region_default_rate": 0.22727272727272727,
    "vix_annual": 17.667408098501987
  },
  "pd_calibration": [
    {
      "bucket": 1,
      "score_lo": 0.001609741381844541,
      "score_hi": 0.005276373483035155,
      "pd_empirical": 0.0,
      "n_obs": 177,
      "n_events": 0
    },
    {
      "bucket": 2,
      "score_lo": 0.00529030567702891,
      "score_hi": 0.0071113307844848225,
      "pd_empirical": 0.0,
      "n_obs": 177,
      "n_events": 0
    },
    {
      "bucket": 3,
      "score_lo": 0.007112937681710928,
      "score_hi": 0.008788736096297295,
      "pd_empirical": 0.0,
      "n_obs": 177,
      "n_events": 0
    },
    {
      "bucket": 4,
      "score_lo": 0.008791605493841566,
      "score_hi": 0.01100173281211143,
      "pd_empirical": 0.0,
      "n_obs": 177,
      "n_events": 0
    },
    {
      "bucket": 5,
      "score_lo": 0.011010777005196131,
      "score_hi": 0.014738295194283551,
      "pd_empirical": 0.0,
      "n_obs": 177,
      "n_events": 0
    },
    {
      "bucket": 6,
      "score_lo": 0.014756396324821817,
      "score_hi": 0.019090642308817563,
      "pd_empirical": 0.0,
      "n_obs": 177,
      "n_events": 0
    },
    {
      "bucket": 7,
      "score_lo": 0.01910300905845896,
      "score_hi": 0.022231471612656702,
      "pd_empirical": 0.0,
      "n_obs": 177,
      "n_events": 0
    },
    {
      "bucket": 8,
      "score_lo": 0.022279656655692245,
      "score_hi": 0.026163871235592086,
      "pd_empirical": 0.0,
      "n_obs": 177,
      "n_events": 0
    },
    {
      "bucket": 9,
      "score_lo": 0.02620044649703518,
      "score_hi": 0.031899369910188304,
      "pd_empirical": 0.0,
      "n_obs": 177,
      "n_events": 0
    },
    {
      "bucket": 10,
      "score_lo": 0.031904048139738524,
      "score_hi": 0.03740529289153079,
      "pd_empirical": 0.0,
      "n_obs": 178,
      "n_events": 0
    },
    {
      "bucket": 11,
      "score_lo": 0.03740529289153079,
      "score_hi": 0.044931267141733004,
      "pd_empirical": 0.0,
      "n_obs": 177,
      "n_events": 0
    },
    {
      "bucket": 12,
      "score_lo": 0.04494771951970024,
      "score_hi": 0.05822549969802931,
      "pd_empirical": 0.0,
      "n_obs": 177,
      "n_events": 0
    },
    {
      "bucket": 13,
      "score_lo": 0.05829625266001422,
      "score_hi": 0.08049749697390952,
      "pd_empirical": 0.0,
      "n_obs": 177,
      "n_events": 0
    },
    {
      "bucket": 14,
      "score_lo": 0.08065847310308377,
      "score_hi": 0.11430442112988834,
      "pd_empirical": 0.0,