{
  "estimator": "gbm",
  "horizon_years": 3,
  "feature_importance": {
    "gross_debt_pct_gdp": 0.007574534239995922,
    "fiscal_balance_pct_gdp": 0.005641143608281318,
    "interest_pct_revenue": 0.003272656032761179,
    "shadow_debt_gap_pp": 0.0003078187011804734,
    "current_account_pct_gdp": 0.02046934957910963,
    "reserves_to_imports_months": 0.014890593796607588,
    "short_term_debt_pct_reserves": 0.005447205439975722,
    "external_debt_pct_gni": 0.010063550645870712,
    "real_gdp_growth": 0.00664326701888317,
    "inflation": 0.0073223033949290865,
    "gdp_per_capita_ppp": 0.06735496347228191,
    "rule_of_law": 0.003761192143380754,
    "control_of_corruption": 0.004843878763366116,
    "govt_effectiveness": 0.019616092418918596,
    "regulatory_quality": 0.005363431835991794,
    "political_stability": 0.009534467504234135,
    "voice_accountability": 0.010704138122803908,
    "years_since_default": 0.025915771379458552,
    "default_count_25y": 0.0007553022068302884,
    "debt_chg_5y_pp": 0.007763821127935467,
    "tot_volatility_5y": 0.004744103743775141,
    "reer_overvaluation_pct": 0.0047098511084708635,
    "reserve_currency_share": 0.002576935716271889
  },
  "coefficients": {
    "gross_debt_pct_gdp": 0.007574534239995922,
    "fiscal_balance_pct_gdp": -0.005641143608281318,
    "interest_pct_revenue": 0.003272656032761179,
    "shadow_debt_gap_pp": 0.0003078187011804734,
    "current_account_pct_gdp": -0.02046934957910963,
    "reserves_to_imports_months": -0.014890593796607588,
    "short_term_debt_pct_reserves": 0.005447205439975722,
    "external_debt_pct_gni": 0.010063550645870712,
    "real_gdp_growth": -0.00664326701888317,
    "inflation": 0.0073223033949290865,
    "gdp_per_capita_ppp": -0.06735496347228191,
    "rule_of_law": -0.003761192143380754,
    "control_of_corruption": -0.004843878763366116,
    "govt_effectiveness": -0.019616092418918596,
    "regulatory_quality": -0.005363431835991794,
    "political_stability": -0.009534467504234135,
    "voice_accountability": -0.010704138122803908,
    "years_since_default": -0.025915771379458552,
    "default_count_25y": 0.0007553022068302884,
    "debt_chg_5y_pp": 0.007763821127935467,
    "tot_volatility_5y": 0.004744103743775141,
    "reer_overvaluation_pct": 0.0047098511084708635,
    "reserve_currency_share": -0.002576935716271889
  },
  "intercept": 0.0,
  "class_balance_log_odds": -2.3149517486312576,
  "scaler": {
    "gross_debt_pct_gdp": {
      "mean": 52.45979255643685,
      "std": 35.471873078491186
    },
    "fiscal_balance_pct_gdp": {
      "mean": -2.19814927801505,
      "std": 6.128069267327565
    },
    "interest_pct_revenue": {
      "mean": 6.479026197399013,
      "std": 5.833616317311248
    },
    "shadow_debt_gap_pp": {
      "mean": 9.271568029286147,
      "std": 3.3277143680117534
    },
    "current_account_pct_gdp": {
      "mean": -0.8612365263371975,
      "std": 12.973476194025286
    },
    "reserves_to_imports_months": {
      "mean": 4.752586607209184,
      "std": 3.8371841971590896
    },
    "short_term_debt_pct_reserves": {
      "mean": 30.67290921354933,
      "std": 60.56947662778477
    },
    "external_debt_pct_gni": {
      "mean": 45.1794879907533,
      "std": 25.894902290751485
    },
    "real_gdp_growth": {
      "mean": 3.3908480780964,
      "std": 4.614534387851399
    },
    "inflation": {
      "mean": 24.265710799267847,
      "std": 975.4240578726423
    },
    "gdp_per_capita_ppp": {
      "mean": 23314.627408582466,
      "std": 24461.801203146464
    },
    "rule_of_law": {
      "mean": 0.04816848802115145,
      "std": 0.8321778169012565
    },
    "control_of_corruption": {
      "mean": 0.02579143870246123,
      "std": 0.8399715783638048
    },
    "govt_effectiveness": {
      "mean": 0.08872357919463117,
      "std": 0.8098349718012433
    },
    "regulatory_quality": {
      "mean": 0.07209154584096023,
      "std": 0.8161760656324162
    },
    "political_stability": {
      "mean": 0.11133210235916238,
      "std": 0.7905503220252542
    },
    "voice_accountability": {
      "mean": 0.07459688103518441,
      "std": 0.8239694364556046
    },
    "years_since_default": {
      "mean": 52.809436648362826,
      "std": 43.881100080695134
    },
    "default_count_25y": {
      "mean": 1.2898108602806588,
      "std": 1.76877465389493
    },
    "debt_chg_5y_pp": {
      "mean": 1.6669513931258897,
      "std": 22.845705172602727
    },
    "tot_volatility_5y": {
      "mean": 0.10984802461117696,
      "std": 0.06361592968953707
    },
    "reer_overvaluation_pct": {
      "mean": 0.3196063279217246,
      "std": 4.673309269297162
    },
    "reserve_currency_share": {
      "mean": 2.3271100264388855,
      "std": 7.1135094808793085
    }
  },
  "medians": {
    "gross_debt_pct_gdp": 46.3,
    "fiscal_balance_pct_gdp": -2.5,
    "interest_pct_revenue": 5.41407297462898,
    "shadow_debt_gap_pp": 9.1,
    "current_account_pct_gdp": -1.5,
    "reserves_to_imports_months": 4.1676367510060555,
    "short_term_debt_pct_reserves": 25.071969614961098,
    "external_debt_pct_gni": 41.305984636710704,
    "real_gdp_growth": 3.5,
    "inflation": 3.5,
    "gdp_per_capita_ppp": 15052.708,
    "rule_of_law": -0.0201063,
    "control_of_corruption": -0.0798663999999999,
    "govt_effectiveness": 0.0250833,
    "regulatory_quality": 0.0071335,
    "political_stability": 0.1588848,
    "voice_accountability": 0.09736294999999995,
    "years_since_default": 29.0,
    "default_count_25y": 0.0,
    "debt_chg_5y_pp": 3.0,
    "tot_volatility_5y": 0.09935110516134757,
    "reer_overvaluation_pct": 0.2929846897136823,
    "reserve_currency_share": 0.0
  },
  "pd_calibration": [
    {
      "bucket": 1,
      "score_lo": 0.0024487645246074195,
      "score_hi": 0.01003651697422225,
      "pd_empirical": 0.0,
      "n_obs": 245,
      "n_events": 0
    },
    {
      "bucket": 2,
      "score_lo": 0.010059147517034506,
      "score_hi": 0.01380701644843817,
      "pd_empirical": 0.0,
      "n_obs": 246,
      "n_events": 0
    },
    {
      "bucket": 3,
      "score_lo": 0.013833041627258192,
      "score_hi": 0.018908235733466835,
      "pd_empirical": 0.0,
      "n_obs": 246,
      "n_events": 0
    },
    {
      "bucket": 4,
      "score_lo": 0.018986639000447354,
      "score_hi": 0.029142369781717282,
      "pd_empirical": 0.0,
      "n_obs": 246,
      "n_events": 0
    },
    {
      "bucket": 5,
      "score_lo": 0.02915886968502359,
      "score_hi": 0.04232132219929678,
      "pd_empirical": 0.0,
      "n_obs": 246,
      "n_events": 0
    },
    {
      "bucket": 6,
      "score_lo": 0.04234098117629267,
      "score_hi": 0.05339000402749639,
      "pd_empirical": 0.0,
      "n_obs": 246,
      "n_events": 0
    },
    {
      "bucket": 7,
      "score_lo": 0.05341236857834733,
      "score_hi": 0.06417437846444773,
      "pd_empirical": 0.0,
      "n_obs": 245,
      "n_events": 0
    },
    {
      "bucket": 8,
      "score_lo": 0.06434423832598841,
      "score_hi": 0.0851902193320675,
      "pd_empirical": 0.0,
      "n_obs": 246,
      "n_events": 0
    },
    {
      "bucket": 9,
      "score_lo": 0.08522434926556603,
      "score_hi": 0.1022530509428633,
      "pd_empirical": 0.012195121951219513,
      "n_obs": 246,
      "n_events": 3
    },
    {
      "bucket": 10,
      "score_lo": 0.1022848085112796,
      "score_hi": 0.13608149346789916,
      "pd_empirical": 0.0,
      "n_obs": 246,
      "n_events": 0
    },
    {
      "bucket": 11,
      "score_lo": 0.1361796083367235,
      "score_hi": 0.17373183248559743,
      "pd_empirical": 0.0,
      "n_obs": 246,
      "n_events": 0
    },
    {
      "bucket": 12,
      "score_lo": 0.17433722705097246,
      "score_hi": 0.21494914298596693,
      "pd_empirical": 0.0,
      "n_obs": 246,
      "n_events": 0
    },
    {
      "bucket": 13,
      "score_lo": 0.21502341986623566,
      "score_hi": 0.2649815420203089,
      "pd_empirical": 0.0,