{
  "estimator": "gbm",
  "horizon_years": 3,
  "feature_importance": {
    "gross_debt_pct_gdp": 0.008421733282403065,
    "fiscal_balance_pct_gdp": 0.0048201761158609855,
    "interest_pct_revenue": 0.0031282000747699934,
    "current_account_pct_gdp": 0.004912622720327664,
    "reserves_to_imports_months": 0.007956452569812412,
    "short_term_debt_pct_reserves": 0.00172915786222817,
    "external_debt_pct_gni": 0.004159690842300323,
    "external_liquidity_ratio": 0.001893123598062496,
    "real_gdp_growth": 0.002185854247261132,
    "inflation": 0.001335040717141822,
    "gdp_per_capita_ppp": 0.0524403871785703,
    "rule_of_law": 0.0015198831312375981,
    "govt_effectiveness": 0.006804730421637794,
    "political_stability": 0.00767652221969376,
    "control_of_corruption": 0.002892156464354201,
    "years_since_default": 0.01305970831572444,
    "debt_chg_5y_pp": 0.0013131989369655982,
    "tot_volatility_5y": 0.0017935657163291486,
    "reserve_currency_share": 0.0018566021098143537,
    "region_default_rate": 0.01027254478072881,
    "vix_annual": 0.0005511747830044377
  },
  "coefficients": {
    "gross_debt_pct_gdp": 0.008421733282403065,
    "fiscal_balance_pct_gdp": -0.0048201761158609855,
    "interest_pct_revenue": 0.0031282000747699934,
    "current_account_pct_gdp": -0.004912622720327664,
    "reserves_to_imports_months": -0.007956452569812412,
    "short_term_debt_pct_reserves": 0.00172915786222817,
    "external_debt_pct_gni": 0.004159690842300323,
    "external_liquidity_ratio": 0.001893123598062496,
    "real_gdp_growth": -0.002185854247261132,
    "inflation": 0.001335040717141822,
    "gdp_per_capita_ppp": -0.0524403871785703,
    "rule_of_law": -0.0015198831312375981,
    "govt_effectiveness": -0.006804730421637794,
    "political_stability": -0.00767652221969376,
    "control_of_corruption": -0.002892156464354201,
    "years_since_default": -0.01305970831572444,
    "debt_chg_5y_pp": 0.0013131989369655982,
    "tot_volatility_5y": 0.0017935657163291486,
    "reserve_currency_share": -0.0018566021098143537,
    "region_default_rate": 0.01027254478072881,
    "vix_annual": 0.0005511747830044377
  },
  "intercept": 0.0,
  "class_balance_log_odds": -2.3656834328313585,
  "scaler": {
    "gross_debt_pct_gdp": {
      "mean": 49.35290796160361,
      "std": 31.997306725512406
    },
    "fiscal_balance_pct_gdp": {
      "mean": -1.8414455110107284,
      "std": 6.370499907875778
    },
    "interest_pct_revenue": {
      "mean": 5.783452611620537,
      "std": 4.366181401762512
    },
    "current_account_pct_gdp": {
      "mean": 0.8369565217391305,
      "std": 13.667495688851512
    },
    "reserves_to_imports_months": {
      "mean": 4.853247897097599,
      "std": 4.235414501542347
    },
    "short_term_debt_pct_reserves": {
      "mean": 27.46737007815227,
      "std": 17.06106416166251
    },
    "external_debt_pct_gni": {
      "mean": 39.581751329643815,
      "std": 18.43594524145446
    },
    "external_liquidity_ratio": {
      "mean": 17.94230366175126,
      "std": 44.223347307773594
    },
    "real_gdp_growth": {
      "mean": 3.339073969508752,
      "std": 4.464161856332161
    },
    "inflation": {
      "mean": 4.270073404856013,
      "std": 4.839646342900245
    },
    "gdp_per_capita_ppp": {
      "mean": 29384.177702428005,
      "std": 26092.702947203095
    },
    "rule_of_law": {
      "mean": 0.548300868210051,
      "std": 0.7130685289947112
    },
    "govt_effectiveness": {
      "mean": 0.5246175500564654,
      "std": 0.7028040914282081
    },
    "political_stability": {
      "mean": 0.5406111945793337,
      "std": 0.6502168341970128
    },
    "control_of_corruption": {
      "mean": 0.48050611787125935,
      "std": 0.759045187350011
    },
    "years_since_default": {
      "mean": 68.77639751552795,
      "std": 41.57021432078796
    },
    "debt_chg_5y_pp": {
      "mean": 2.3023997741389044,
      "std": 14.725822085440257
    },
    "tot_volatility_5y": {
      "mean": 0.10574853688677388,
      "std": 0.06486049170789113
    },
    "reserve_currency_share": {
      "mean": 3.1410502540937317,
      "std": 8.138122297944697
    },
    "region_default_rate": {
      "mean": 0.25508378621483896,
      "std": 0.2214012675463233
    },
    "vix_annual": {
      "mean": 19.715584557994628,
      "std": 5.874084559409069
    }
  },
  "medians": {
    "gross_debt_pct_gdp": 43.8,
    "fiscal_balance_pct_gdp": -2.3,
    "interest_pct_revenue": 4.95387039532298,
    "current_account_pct_gdp": -0.4,
    "reserves_to_imports_months": 4.21712222634877,
    "short_term_debt_pct_reserves": 25.320263174128947,
    "external_debt_pct_gni": 37.19063672863745,
    "external_liquidity_ratio": 1.6311347954422513,
    "real_gdp_growth": 3.3,
    "inflation": 3.1,
    "gdp_per_capita_ppp": 22671.7395,
    "rule_of_law": 0.61564145,
    "govt_effectiveness": 0.511363,
    "political_stability": 0.7006186999999999,
    "control_of_corruption": 0.4780849,
    "years_since_default": 100.0,
    "debt_chg_5y_pp": 2.5999999999999996,
    "tot_volatility_5y": 0.09462930331108518,
    "reserve_currency_share": 0.0,
    "region_default_rate": 0.22727272727272727,
    "vix_annual": 17.667408098501987
  },
  "pd_calibration": [
    {
      "bucket": 1,
      "score_lo": 0.0016187786444335594,
      "score_hi": 0.00520843175906943,
      "pd_empirical": 0.0,
      "n_obs": 177,
      "n_events": 0
    },
    {
      "bucket": 2,
      "score_lo": 0.0052166405960214,
      "score_hi": 0.00687966841421603,
      "pd_empirical": 0.0,
      "n_obs": 177,
      "n_events": 0
    },
    {
      "bucket": 3,
      "score_lo": 0.006891482349192,
      "score_hi": 0.008527443342831249,
      "pd_empirical": 0.0,
      "n_obs": 177,
      "n_events": 0
    },
    {
      "bucket": 4,
      "score_lo": 0.00853379816116494,
      "score_hi": 0.010760939389353616,
      "pd_empirical": 0.0,
      "n_obs": 177,
      "n_events": 0
    },
    {
      "bucket": 5,
      "score_lo": 0.010772150079819211,
      "score_hi": 0.015165306735089798,
      "pd_empirical": 0.0,
      "n_obs": 177,
      "n_events": 0
    },
    {
      "bucket": 6,
      "score_lo": 0.015176372672420302,
      "score_hi": 0.0205947535066849,
      "pd_empirical": 0.0,
      "n_obs": 177,
      "n_events": 0
    },
    {
      "bucket": 7,
      "score_lo": 0.020598705950104098,
      "score_hi": 0.024993989886144062,
      "pd_empirical": 0.0,
      "n_obs": 177,
      "n_events": 0
    },
    {
      "bucket": 8,
      "score_lo": 0.025010743533607386,
      "score_hi": 0.029026119809738266,
      "pd_empirical": 0.0,
      "n_obs": 177,
      "n_events": 0
    },
    {
      "bucket": 9,
      "score_lo": 0.02903074222156858,
      "score_hi": 0.03609207677154975,
      "pd_empirical": 0.0,
      "n_obs": 177,
      "n_events": 0
    },
    {
      "bucket": 10,
      "score_lo": 0.03609870429349443,
      "score_hi": 0.04306074911492191,
      "pd_empirical": 0.0,
      "n_obs": 178,
      "n_events": 0
    },
    {
      "bucket": 11,
      "score_lo": 0.04306074911492191,
      "score_hi": 0.04949742422887461,
      "pd_empirical": 0.0,
      "n_obs": 177,
      "n_events": 0
    },
    {
      "bucket": 12,
      "score_lo": 0.0495112994910162,
      "score_hi": 0.062007651512884454,
      "pd_empirical": 0.0,
      "n_obs": 177,
      "n_events": 0
    },
    {
      "bucket": 13,
      "score_lo": 0.06206901327544966,
      "score_hi": 0.08608477661047816,
      "pd_empirical": 0.0,
      "n_obs": 177,
      "n_events": 0
    },
    {
      "bucket": 14,
      "score_lo": 0.08628537941367727,
      "score_hi": 0.12978637504631793,
      "pd_empirical": 0.0,
      "n_obs": 177,
      "n_events": 0
    },
    {
      "bucket": 15,
      "score_lo": 0.13018159251033548,
      "score_hi": 0.1863196129689281,
      "pd_empirical": 0.0,
      "n_obs": 177,
      "n_events": 0
    },
    {
      "bucket": 16,
      "score_lo": 0.1866042495502711,