{
  "estimator": "gbm",
  "cadence": "quarterly",
  "horizon_quarters": 20,
  "feature_importance": {
    "gross_debt_pct_gdp": 0.01203484552288434,
    "fiscal_balance_pct_gdp": 0.004982819081400169,
    "interest_pct_revenue": 0.007417980007658365,
    "shadow_debt_gap_pp": 0.0,
    "current_account_pct_gdp": 0.024658936093028806,
    "reserves_to_imports_months": 0.026726468187589413,
    "short_term_debt_pct_reserves": 0.01381884207662385,
    "external_debt_pct_gni": 0.02101073429533038,
    "real_gdp_growth": 0.008192846994095015,
    "inflation": 0.0071295471492774706,
    "gdp_per_capita_ppp": 0.09015687790967171,
    "rule_of_law": 0.011249163626836478,
    "control_of_corruption": 0.012905653580281706,
    "govt_effectiveness": 0.03076641256373569,
    "regulatory_quality": 0.009125206574094546,
    "political_stability": 0.006986280457082894,
    "voice_accountability": 0.01364842096777441
  },
  "coefficients": {
    "gross_debt_pct_gdp": 0.01203484552288434,
    "fiscal_balance_pct_gdp": -0.004982819081400169,
    "interest_pct_revenue": 0.007417980007658365,
    "shadow_debt_gap_pp": 0.0,
    "current_account_pct_gdp": -0.024658936093028806,
    "reserves_to_imports_months": -0.026726468187589413,
    "short_term_debt_pct_reserves": 0.01381884207662385,
    "external_debt_pct_gni": 0.02101073429533038,
    "real_gdp_growth": -0.008192846994095015,
    "inflation": 0.0071295471492774706,
    "gdp_per_capita_ppp": -0.09015687790967171,
    "rule_of_law": -0.011249163626836478,
    "control_of_corruption": -0.012905653580281706,
    "govt_effectiveness": -0.03076641256373569,
    "regulatory_quality": -0.009125206574094546,
    "political_stability": -0.006986280457082894,
    "voice_accountability": -0.01364842096777441
  },
  "intercept": 0.0,
  "class_balance_log_odds": -1.9639070355072834,
  "scaler": {
    "gross_debt_pct_gdp": {
      "mean": 52.61651720542231,
      "std": 35.90379632735771
    },
    "fiscal_balance_pct_gdp": {
      "mean": -2.1904692387904063,
      "std": 6.204877484913531
    },
    "interest_pct_revenue": {
      "mean": 6.506121983254685,
      "std": 5.904410925087459
    },
    "shadow_debt_gap_pp": {
      "mean": 9.143983315954117,
      "std": 1.6864283715946684
    },
    "current_account_pct_gdp": {
      "mean": -0.8449843587069865,
      "std": 13.136083967131235
    },
    "reserves_to_imports_months": {
      "mean": 4.767469585823737,
      "std": 3.884249732046102
    },
    "short_term_debt_pct_reserves": {
      "mean": 30.815414871740728,
      "std": 61.3238646189927
    },
    "external_debt_pct_gni": {
      "mean": 45.278042194964605,
      "std": 26.212807904623066
    },
    "real_gdp_growth": {
      "mean": 3.3880709071949946,
      "std": 4.672483194563838
    },
    "inflation": {
      "mean": 24.794056308654852,
      "std": 987.6746599081151
    },
    "gdp_per_capita_ppp": {
      "mean": 23524.83682836288,
      "std": 24733.187733239374
    },
    "rule_of_law": {
      "mean": 0.049905615057351756,
      "std": 0.8425620386687604
    },
    "control_of_corruption": {
      "mean": 0.028479709051095252,
      "std": 0.8503546508773904
    },
    "govt_effectiveness": {
      "mean": 0.09034278963503678,
      "std": 0.8199461894305586
    },
    "regulatory_quality": {
      "mean": 0.07374428444212748,
      "std": 0.8263647850634454
    },
    "political_stability": {
      "mean": 0.11012221099061549,
      "std": 0.8004468095534674
    },
    "voice_accountability": {
      "mean": 0.0740176400729931,
      "std": 0.8343145879066279
    }
  },
  "medians": {
    "gross_debt_pct_gdp": 46.3,
    "fiscal_balance_pct_gdp": -2.5,
    "interest_pct_revenue": 5.41407297462898,
    "shadow_debt_gap_pp": 9.1,
    "current_account_pct_gdp": -1.5,
    "reserves_to_imports_months": 4.1676367510060555,
    "short_term_debt_pct_reserves": 25.071969614961098,
    "external_debt_pct_gni": 41.305984636710704,
    "real_gdp_growth": 3.5,
    "inflation": 3.5,
    "gdp_per_capita_ppp": 15052.708,
    "rule_of_law": -0.0201063,
    "control_of_corruption": -0.0798663999999999,
    "govt_effectiveness": 0.0250833,
    "regulatory_quality": 0.0071335,
    "political_stability": 0.1588848,
    "voice_accountability": 0.09736294999999995
  },
  "pd_calibration": [
    {
      "bucket": 1,
      "score_lo": 0.003904730806581231,
      "score_hi": 0.011919691771670616,
      "pd_empirical": 0.0,
      "n_obs": 959,
      "n_events": 0
    },
    {
      "bucket": 2,
      "score_lo": 0.011919691771670616,
      "score_hi": 0.015709165098441984,
      "pd_empirical": 0.0,
      "n_obs": 959,
      "n_events": 0
    },
    {
      "bucket": 3,
      "score_lo": 0.015709165098441984,
      "score_hi": 0.020446633389536967,
      "pd_empirical": 0.0,
      "n_obs": 959,
      "n_events": 0
    },
    {
      "bucket": 4,
      "score_lo": 0.020446633389536967,
      "score_hi": 0.03359834495221533,
      "pd_empirical": 0.0,
      "n_obs": 959,
      "n_events": 0
    },
    {
      "bucket": 5,
      "score_lo": 0.03364802598324933,
      "score_hi": 0.0633927308594423,
      "pd_empirical": 0.0,
      "n_obs": 959,
      "n_events": 0
    },
    {
      "bucket": 6,
      "score_lo": 0.0633927308594423,
      "score_hi": 0.09109866840612847,
      "pd_empirical": 0.0,
      "n_obs": 959,
      "n_events": 0
    },
    {
      "bucket": 7,
      "score_lo": 0.09109866840612847,
      "score_hi": 0.11004112129706965,
      "pd_empirical": 0.004171011470281543,
      "n_obs": 959,
      "n_events": 4
    },
    {
      "bucket": 8,
      "score_lo": 0.11004112129706965,
      "score_hi": 0.12929697781149246,
      "pd_empirical": 0.0,
      "n_obs": 959,
      "n_events": 0
    },
    {
      "bucket": 9,
      "score_lo": 0.1293162107769133,
      "score_hi": 0.14889853433266967,
      "pd_empirical": 0.0,
      "n_obs": 959,
      "n_events": 0
    },
    {
      "bucket": 10,
      "score_lo": 0.14889853433266967,
      "score_hi": 0.18212149986501203,
      "pd_empirical": 0.004171011470281543,
      "n_obs": 959,
      "n_events": 4
    },
    {
      "bucket": 11,
      "score_lo": 0.18212149986501203,
      "score_hi": 0.2266210701214141,
      "pd_empirical": 0.0,
      "n_obs": 959,
      "n_events": 0
    },
    {
      "bucket": 12,
      "score_lo": 0.2266210701214141,
      "score_hi": 0.2795839932939229,
      "pd_empirical": 0.008342022940563087,
      "n_obs": 959,
      "n_events": 8
    },
    {
      "bucket": 13,
      "score_lo": 0.2798969237869198,
      "score_hi": 0.33138414573555136,
      "pd_empirical": 0.020855057351407715,
      "n_obs": 959,
      "n_events": 20
    },
    {
      "bucket": 14,
      "score_lo": 0.33138414573555136,
      "score_hi": 0.3879677865276947,
      "pd_empirical": 0.03336809176225235,
      "n_obs": 959,
      "n_events": 32
    },
    {
      "bucket": 15,
      "score_lo": 0.3879677865276947,
      "score_hi": 0.46043780858505695,
      "pd_empirical": 0.054223149113660066,
      "n_obs": 959,
      "n_events": 52
    },
    {
      "bucket": 16,
      "score_lo": 0.46043780858505695,
      "score_hi": 0.5460537736541025,
      "pd_empirical": 0.06256517205422316,
      "n_obs": 959,
      "n_events": 60
    },
    {
      "bucket": 17,
      "score_lo": 0.5460814379428629,
      "score_hi": 0.6498217952781634,
      "pd_empirical": 0.1334723670490094,
      "n_obs": 959,
      "n_events": 128
    },
    {
      "bucket": 18,
      "score_lo": 0.6498217952781634,
      "score_hi": 0.753207628797057,
      "pd_empirical": 0.44629822732012514,
      "n_obs": 959,
      "n_events": 428
    },
    {
      "bucket": 19,
      "score_lo": 0.753207628797057,
      "score_hi": 0.847857134291187,
      "pd_empirical": 0.7893639207507821,
      "n_obs": 959,
      "n_events": 757
    },
    {
      "bucket": 20,
      "score_lo": 0.847857134291187,
      "score_hi": 0.9609427349890546,
      "pd_empirical": 0.9040667361835245,
      "n_obs": 959,