{
  "estimator": "gbm",
  "cadence": "quarterly",
  "horizon_quarters": 12,
  "feature_importance": {
    "gross_debt_pct_gdp": 0.007364394291879362,
    "fiscal_balance_pct_gdp": 0.004269655316390897,
    "interest_pct_revenue": 0.002917852302834767,
    "current_account_pct_gdp": 0.006177915776063858,
    "reserves_to_imports_months": 0.006902478737280981,
    "short_term_debt_pct_reserves": 0.0011559254209876136,
    "external_debt_pct_gni": 0.003876312792578207,
    "external_liquidity_ratio": 0.001414636227690913,
    "real_gdp_growth": 0.0018887679407366465,
    "inflation": 0.0019826431500114205,
    "gdp_per_capita_ppp": 0.04157732066374629,
    "rule_of_law": 0.0013638223420077145,
    "govt_effectiveness": 0.005611788262735296,
    "political_stability": 0.005669516595689372,
    "control_of_corruption": 0.0026167595534930753,
    "years_since_default": 0.016375868337749133,
    "debt_chg_5y_pp": 0.0008685345790936827,
    "fiscal_balance_chg_3y": 0.0017616983050778412,
    "tot_volatility_5y": 0.0018379604044081788,
    "reserve_currency_share": 0.001145741056044991,
    "region_default_rate": 0.009385114522040916,
    "vix_annual": 0.0007133055553298461
  },
  "coefficients": {
    "gross_debt_pct_gdp": 0.007364394291879362,
    "fiscal_balance_pct_gdp": -0.004269655316390897,
    "interest_pct_revenue": 0.002917852302834767,
    "current_account_pct_gdp": -0.006177915776063858,
    "reserves_to_imports_months": -0.006902478737280981,
    "short_term_debt_pct_reserves": 0.0011559254209876136,
    "external_debt_pct_gni": 0.003876312792578207,
    "external_liquidity_ratio": 0.001414636227690913,
    "real_gdp_growth": -0.0018887679407366465,
    "inflation": 0.0019826431500114205,
    "gdp_per_capita_ppp": -0.04157732066374629,
    "rule_of_law": -0.0013638223420077145,
    "govt_effectiveness": -0.005611788262735296,
    "political_stability": -0.005669516595689372,
    "control_of_corruption": -0.0026167595534930753,
    "years_since_default": -0.016375868337749133,
    "debt_chg_5y_pp": 0.0008685345790936827,
    "fiscal_balance_chg_3y": -0.0017616983050778412,
    "tot_volatility_5y": 0.0018379604044081788,
    "reserve_currency_share": -0.001145741056044991,
    "region_default_rate": 0.009385114522040916,
    "vix_annual": 0.0007133055553298461
  },
  "intercept": 0.0,
  "class_balance_log_odds": -2.3656834328313585,
  "scaler": {
    "gross_debt_pct_gdp": {
      "mean": 49.35290796160361,
      "std": 31.993918675731315
    },
    "fiscal_balance_pct_gdp": {
      "mean": -1.8414455110107284,
      "std": 6.369825364514751
    },
    "interest_pct_revenue": {
      "mean": 5.783452611620537,
      "std": 4.365719086603521
    },
    "current_account_pct_gdp": {
      "mean": 0.8369565217391307,
      "std": 13.666048499680823
    },
    "reserves_to_imports_months": {
      "mean": 4.8532478970976,
      "std": 4.234966032697369
    },
    "short_term_debt_pct_reserves": {
      "mean": 137.33267979717547,
      "std": 1473.231973038342
    },
    "external_debt_pct_gni": {
      "mean": 39.581751329643815,
      "std": 18.433993142774977
    },
    "external_liquidity_ratio": {
      "mean": 17.942303661751264,
      "std": 44.218664697969835
    },
    "real_gdp_growth": {
      "mean": 3.339073969508752,
      "std": 4.463689166466944
    },
    "inflation": {
      "mean": 4.2700734048560145,
      "std": 4.839133894684632
    },
    "gdp_per_capita_ppp": {
      "mean": 29384.17770242801,
      "std": 26089.94010915252
    },
    "rule_of_law": {
      "mean": 0.548300868210051,
      "std": 0.7129930254002154
    },
    "govt_effectiveness": {
      "mean": 0.5246175500564654,
      "std": 0.7027296746883802
    },
    "political_stability": {
      "mean": 0.5406111945793337,
      "std": 0.6501479856835038
    },
    "control_of_corruption": {
      "mean": 0.4805061178712593,
      "std": 0.7589648154955428
    },
    "years_since_default": {
      "mean": 68.77639751552795,
      "std": 41.56581263921011
    },
    "debt_chg_5y_pp": {
      "mean": 2.302399774138905,
      "std": 14.724262834883943
    },
    "fiscal_balance_chg_3y": {
      "mean": -0.1513551665725579,
      "std": 5.951289853452049
    },
    "tot_volatility_5y": {
      "mean": 0.10574853688677388,
      "std": 0.0648536239244011
    },
    "reserve_currency_share": {
      "mean": 3.141050254093733,
      "std": 8.137260589060563
    },
    "region_default_rate": {
      "mean": 0.25508378621483896,
      "std": 0.22137782436960532
    },
    "vix_annual": {
      "mean": 19.715584557994628,
      "std": 5.873462579219386
    }
  },
  "medians": {
    "gross_debt_pct_gdp": 43.8,
    "fiscal_balance_pct_gdp": -2.3,
    "interest_pct_revenue": 4.95387039532298,
    "current_account_pct_gdp": -0.4,
    "reserves_to_imports_months": 4.21712222634877,
    "short_term_debt_pct_reserves": 31.6377915902306,
    "external_debt_pct_gni": 37.19063672863745,
    "external_liquidity_ratio": 1.6311347954422513,
    "real_gdp_growth": 3.3,
    "inflation": 3.1,
    "gdp_per_capita_ppp": 22671.7395,
    "rule_of_law": 0.61564145,
    "govt_effectiveness": 0.511363,
    "political_stability": 0.7006186999999999,
    "control_of_corruption": 0.4780849,
    "years_since_default": 100.0,
    "debt_chg_5y_pp": 2.5999999999999996,
    "fiscal_balance_chg_3y": 0.1499999999999999,
    "tot_volatility_5y": 0.09462930331108518,
    "reserve_currency_share": 0.0,
    "region_default_rate": 0.22727272727272727,
    "vix_annual": 17.667408098501987
  },
  "pd_calibration": [
    {
      "bucket": 1,
      "score_lo": 0.0015669854079548183,
      "score_hi": 0.005751860639598274,
      "pd_empirical": 0.0,
      "n_obs": 708,
      "n_events": 0
    },
    {
      "bucket": 2,
      "score_lo": 0.005760680014201796,
      "score_hi": 0.007458180076455168,
      "pd_empirical": 0.0,
      "n_obs": 708,
      "n_events": 0
    },
    {
      "bucket": 3,
      "score_lo": 0.007477808020370225,
      "score_hi": 0.009629011307550367,
      "pd_empirical": 0.0,
      "n_obs": 709,
      "n_events": 0
    },
    {
      "bucket": 4,
      "score_lo": 0.009629011307550367,
      "score_hi": 0.012571377313191643,
      "pd_empirical": 0.0,
      "n_obs": 708,
      "n_events": 0
    },
    {
      "bucket": 5,
      "score_lo": 0.012571377313191643,
      "score_hi": 0.016412832400597724,
      "pd_empirical": 0.0,
      "n_obs": 709,
      "n_events": 0
    },
    {
      "bucket": 6,
      "score_lo": 0.016412832400597724,
      "score_hi": 0.021334695074557215,
      "pd_empirical": 0.0,
      "n_obs": 708,
      "n_events": 0
    },
    {
      "bucket": 7,
      "score_lo": 0.021385349570238407,
      "score_hi": 0.025975573614858284,
      "pd_empirical": 0.0,
      "n_obs": 708,
      "n_events": 0
    },
    {
      "bucket": 8,
      "score_lo": 0.025975573614858284,
      "score_hi": 0.031853297781019724,
      "pd_empirical": 0.0,
      "n_obs": 709,
      "n_events": 0
    },
    {
      "bucket": 9,
      "score_lo": 0.031853297781019724,
      "score_hi": 0.03760788746243445,
      "pd_empirical": 0.0,
      "n_obs": 708,
      "n_events": 0
    },
    {
      "bucket": 10,
      "score_lo": 0.03760788746243445,
      "score_hi": 0.046793752422298364,
      "pd_empirical": 0.0,
      "n_obs": 709,
      "n_events": 0
    },
    {
      "bucket": 11,
      "score_lo": 0.046793752422298364,
      "score_hi": 0.05323462886913165,
      "pd_empirical": 0.0,
      "n_obs": 708,
      "n_events": 0
    },
    {
      "bucket": 12,
      "score_lo": 0.05323462886913165,
      "score_hi": 0.06430263763539573,
      "pd_empirical": 0.0,
      "n_obs": 708,
      "n_events": 0
    },
    {
      "bucket": 13,
      "score_lo": 0.06430263763539573,
      "score_hi": 0.09083715906935227,
      "pd_empirical": 0.0,
      "n_obs": 709,
      "n_events": 0
    },
    {
      "bucket": 14,
      "score_lo": 0.09083715906935227,
      "score_hi": 0.13372627734066045,