{
  "estimator": "gbm",
  "cadence": "quarterly",
  "horizon_quarters": 12,
  "feature_importance": {
    "gross_debt_pct_gdp": 0.006028391137288503,
    "fiscal_balance_pct_gdp": 0.007967286205414648,
    "interest_pct_revenue": 0.005900995980687074,
    "shadow_debt_gap_pp": 0.0,
    "current_account_pct_gdp": 0.024850741929775745,
    "reserves_to_imports_months": 0.01824491898177403,
    "short_term_debt_pct_reserves": 0.004477242852448171,
    "external_debt_pct_gni": 0.012340504057230927,
    "real_gdp_growth": 0.006430496220834647,
    "inflation": 0.0062258620035894555,
    "gdp_per_capita_ppp": 0.06421245481432794,
    "rule_of_law": 0.004389901792259643,
    "control_of_corruption": 0.004417995904850924,
    "govt_effectiveness": 0.017140378927677592,
    "regulatory_quality": 0.006783361561212331,
    "political_stability": 0.008610091888065852,
    "voice_accountability": 0.009115419373593836,
    "years_since_default": 0.030257447736292596,
    "default_count_25y": 0.002197688895068084,
    "debt_chg_5y_pp": 0.006667161707828773,
    "tot_volatility_5y": 0.00486016140448442,
    "reer_overvaluation_pct": 0.0035258063904546554
  },
  "coefficients": {
    "gross_debt_pct_gdp": 0.006028391137288503,
    "fiscal_balance_pct_gdp": -0.007967286205414648,
    "interest_pct_revenue": 0.005900995980687074,
    "shadow_debt_gap_pp": 0.0,
    "current_account_pct_gdp": -0.024850741929775745,
    "reserves_to_imports_months": -0.01824491898177403,
    "short_term_debt_pct_reserves": 0.004477242852448171,
    "external_debt_pct_gni": 0.012340504057230927,
    "real_gdp_growth": -0.006430496220834647,
    "inflation": 0.0062258620035894555,
    "gdp_per_capita_ppp": -0.06421245481432794,
    "rule_of_law": -0.004389901792259643,
    "control_of_corruption": -0.004417995904850924,
    "govt_effectiveness": -0.017140378927677592,
    "regulatory_quality": -0.006783361561212331,
    "political_stability": -0.008610091888065852,
    "voice_accountability": -0.009115419373593836,
    "years_since_default": -0.030257447736292596,
    "default_count_25y": 0.002197688895068084,
    "debt_chg_5y_pp": 0.006667161707828773,
    "tot_volatility_5y": 0.00486016140448442,
    "reer_overvaluation_pct": 0.0035258063904546554
  },
  "intercept": 0.0,
  "class_balance_log_odds": -2.3149517486312576,
  "scaler": {
    "gross_debt_pct_gdp": {
      "mean": 52.45979255643685,
      "std": 35.46916753932132
    },
    "fiscal_balance_pct_gdp": {
      "mean": -2.1981492780150496,
      "std": 6.127601862310702
    },
    "interest_pct_revenue": {
      "mean": 6.479026197399014,
      "std": 5.8331713710460456
    },
    "shadow_debt_gap_pp": {
      "mean": 9.142892007321533,
      "std": 1.6653882093868282
    },
    "current_account_pct_gdp": {
      "mean": -0.8612365263371976,
      "std": 12.972486670637782
    },
    "reserves_to_imports_months": {
      "mean": 4.752586607209183,
      "std": 3.836891524366679
    },
    "short_term_debt_pct_reserves": {
      "mean": 109.28465999563747,
      "std": 1252.7125542482524
    },
    "external_debt_pct_gni": {
      "mean": 45.1794879907533,
      "std": 25.892927213986884
    },
    "real_gdp_growth": {
      "mean": 3.390848078096401,
      "std": 4.614182424381406
    },
    "inflation": {
      "mean": 24.265710799267847,
      "std": 975.3496595461272
    },
    "gdp_per_capita_ppp": {
      "mean": 23314.627408582466,
      "std": 24459.935433014314
    },
    "rule_of_law": {
      "mean": 0.04816848802115145,
      "std": 0.8321143443669714
    },
    "control_of_corruption": {
      "mean": 0.025791438702461193,
      "std": 0.839907511377549
    },
    "govt_effectiveness": {
      "mean": 0.08872357919463117,
      "std": 0.8097732034183153
    },
    "regulatory_quality": {
      "mean": 0.07209154584096023,
      "std": 0.8161138135966212
    },
    "political_stability": {
      "mean": 0.11133210235916237,
      "std": 0.7904900245366695
    },
    "voice_accountability": {
      "mean": 0.07459688103518441,
      "std": 0.8239065899975365
    },
    "years_since_default": {
      "mean": 52.809436648362826,
      "std": 43.87775314621332
    },
    "default_count_25y": {
      "mean": 1.2898108602806588,
      "std": 1.768639744495261
    },
    "debt_chg_5y_pp": {
      "mean": 1.6669513931258901,
      "std": 22.84396266664351
    },
    "tot_volatility_5y": {
      "mean": 0.10984802461117696,
      "std": 0.06361107752429625
    },
    "reer_overvaluation_pct": {
      "mean": 0.3196063279217246,
      "std": 4.672952822902463
    }
  },
  "medians": {
    "gross_debt_pct_gdp": 46.3,
    "fiscal_balance_pct_gdp": -2.5,
    "interest_pct_revenue": 5.41407297462898,
    "shadow_debt_gap_pp": 9.1,
    "current_account_pct_gdp": -1.5,
    "reserves_to_imports_months": 4.1676367510060555,
    "short_term_debt_pct_reserves": 28.1855202341122,
    "external_debt_pct_gni": 41.305984636710704,
    "real_gdp_growth": 3.5,
    "inflation": 3.5,
    "gdp_per_capita_ppp": 15052.708,
    "rule_of_law": -0.0201063,
    "control_of_corruption": -0.0798663999999999,
    "govt_effectiveness": 0.0250833,
    "regulatory_quality": 0.0071335,
    "political_stability": 0.1588848,
    "voice_accountability": 0.09736294999999995,
    "years_since_default": 29.0,
    "default_count_25y": 0.0,
    "debt_chg_5y_pp": 3.0,
    "tot_volatility_5y": 0.09935110516134757,
    "reer_overvaluation_pct": 0.2929846897136823
  },
  "pd_calibration": [
    {
      "bucket": 1,
      "score_lo": 0.003361310223343652,
      "score_hi": 0.010801631643446004,
      "pd_empirical": 0.0,
      "n_obs": 983,
      "n_events": 0
    },
    {
      "bucket": 2,
      "score_lo": 0.010801631643446004,
      "score_hi": 0.01520183717266395,
      "pd_empirical": 0.0,
      "n_obs": 983,
      "n_events": 0
    },
    {
      "bucket": 3,
      "score_lo": 0.01520183717266395,
      "score_hi": 0.020612888046858485,
      "pd_empirical": 0.0,
      "n_obs": 984,
      "n_events": 0
    },
    {
      "bucket": 4,
      "score_lo": 0.020612888046858485,
      "score_hi": 0.03187940919853512,
      "pd_empirical": 0.0,
      "n_obs": 983,
      "n_events": 0
    },
    {
      "bucket": 5,
      "score_lo": 0.03187940919853512,
      "score_hi": 0.045211713210367994,
      "pd_empirical": 0.0,
      "n_obs": 984,
      "n_events": 0
    },
    {
      "bucket": 6,
      "score_lo": 0.045211713210367994,
      "score_hi": 0.05665558089112441,
      "pd_empirical": 0.0,
      "n_obs": 983,
      "n_events": 0
    },
    {
      "bucket": 7,
      "score_lo": 0.05665558089112441,
      "score_hi": 0.07002133071494412,
      "pd_empirical": 0.0,
      "n_obs": 983,
      "n_events": 0
    },
    {
      "bucket": 8,
      "score_lo": 0.07012031117801272,
      "score_hi": 0.09252120353127506,
      "pd_empirical": 0.0,
      "n_obs": 984,
      "n_events": 0
    },
    {
      "bucket": 9,
      "score_lo": 0.09252120353127506,
      "score_hi": 0.10777299489773193,
      "pd_empirical": 0.012207527975584944,
      "n_obs": 983,
      "n_events": 12
    },
    {
      "bucket": 10,
      "score_lo": 0.10788388425316825,
      "score_hi": 0.14294337318347725,
      "pd_empirical": 0.0,
      "n_obs": 984,
      "n_events": 0
    },
    {
      "bucket": 11,
      "score_lo": 0.14294337318347725,
      "score_hi": 0.17637598001015456,
      "pd_empirical": 0.0,
      "n_obs": 983,
      "n_events": 0
    },
    {
      "bucket": 12,
      "score_lo": 0.17637598001015456,
      "score_hi": 0.21864615702965995,
      "pd_empirical": 0.0,
      "n_obs": 983,
      "n_events": 0
    },
    {
      "bucket": 13,
      "score_lo": 0.21864615702965995,
      "score_hi": 0.2658455132780426,
      "pd_empirical": 0.0,
      "n_obs": 984,
      "n_events": 0
    },
    {
      "bucket": 14,
      "score_lo": 0.2658455132780426,
      "score_hi": 0.3252556388674722,
      "pd_empirical": 0.01627670396744659,
      "n_obs": 983,