{
  "estimator": "gbm",
  "horizon_years": 3,
  "feature_importance": {
    "gross_debt_pct_gdp": 0.00976622183934205,
    "fiscal_balance_pct_gdp": 0.0049605730470400735,
    "interest_pct_revenue": 0.002799913039238011,
    "current_account_pct_gdp": 0.00495793171548391,
    "reserves_to_imports_months": 0.008252840447319654,
    "short_term_debt_pct_reserves": 0.0016198473716719452,
    "external_debt_pct_gni": 0.0038671633724521428,
    "external_liquidity_ratio": 0.003387609310490547,
    "real_gdp_growth": 0.0027968145541432564,
    "inflation": 0.0027345400832222257,
    "gdp_per_capita_ppp_log": 0.031154251731088056,
    "rule_of_law": 0.002590587513409859,
    "govt_effectiveness": 0.0068287563798316245,
    "political_stability": 0.004469488556939016,
    "control_of_corruption": 0.0033093344657196154,
    "years_since_default": 0.010210524283995982,
    "debt_chg_5y_pp": 0.0013497712200513656,
    "fiscal_balance_chg_3y": 0.00266850679431746,
    "tot_volatility_5y": 0.0022829739767887824,
    "reserve_currency_share": 0.0017799526998471759,
    "region_default_rate": 0.010707145411397546,
    "vix_annual": 0.001125664396476056
  },
  "coefficients": {
    "gross_debt_pct_gdp": 0.00976622183934205,
    "fiscal_balance_pct_gdp": -0.0049605730470400735,
    "interest_pct_revenue": 0.002799913039238011,
    "current_account_pct_gdp": -0.00495793171548391,
    "reserves_to_imports_months": -0.008252840447319654,
    "short_term_debt_pct_reserves": 0.0016198473716719452,
    "external_debt_pct_gni": 0.0038671633724521428,
    "external_liquidity_ratio": 0.003387609310490547,
    "real_gdp_growth": -0.0027968145541432564,
    "inflation": 0.0027345400832222257,
    "gdp_per_capita_ppp_log": -0.031154251731088056,
    "rule_of_law": -0.002590587513409859,
    "govt_effectiveness": -0.0068287563798316245,
    "political_stability": -0.004469488556939016,
    "control_of_corruption": -0.0033093344657196154,
    "years_since_default": -0.010210524283995982,
    "debt_chg_5y_pp": 0.0013497712200513656,
    "fiscal_balance_chg_3y": -0.00266850679431746,
    "tot_volatility_5y": 0.0022829739767887824,
    "reserve_currency_share": -0.0017799526998471759,
    "region_default_rate": 0.010707145411397546,
    "vix_annual": 0.001125664396476056
  },
  "intercept": 0.0,
  "class_balance_log_odds": -2.3656834328313585,
  "scaler": {
    "gross_debt_pct_gdp": {
      "mean": 49.35290796160361,
      "std": 31.997306725512406
    },
    "fiscal_balance_pct_gdp": {
      "mean": -1.8414455110107284,
      "std": 6.370499907875778
    },
    "interest_pct_revenue": {
      "mean": 5.783452611620537,
      "std": 4.366181401762512
    },
    "current_account_pct_gdp": {
      "mean": 0.8369565217391305,
      "std": 13.667495688851512
    },
    "reserves_to_imports_months": {
      "mean": 4.853247897097599,
      "std": 4.235414501542347
    },
    "short_term_debt_pct_reserves": {
      "mean": 27.46737007815227,
      "std": 17.06106416166251
    },
    "external_debt_pct_gni": {
      "mean": 39.581751329643815,
      "std": 18.43594524145446
    },
    "external_liquidity_ratio": {
      "mean": 17.94230366175126,
      "std": 44.223347307773594
    },
    "real_gdp_growth": {
      "mean": 3.339073969508752,
      "std": 4.464161856332161
    },
    "inflation": {
      "mean": 4.270073404856013,
      "std": 4.839646342900245
    },
    "gdp_per_capita_ppp_log": {
      "mean": 9.867178806511905,
      "std": 1.0078419224297888
    },
    "rule_of_law": {
      "mean": 0.548300868210051,
      "std": 0.7130685289947112
    },
    "govt_effectiveness": {
      "mean": 0.5246175500564654,
      "std": 0.7028040914282081
    },
    "political_stability": {
      "mean": 0.5406111945793337,
      "std": 0.6502168341970128
    },
    "control_of_corruption": {
      "mean": 0.48050611787125935,
      "std": 0.759045187350011
    },
    "years_since_default": {
      "mean": 68.77639751552795,
      "std": 41.57021432078796
    },
    "debt_chg_5y_pp": {
      "mean": 2.3023997741389044,
      "std": 14.725822085440257
    },
    "fiscal_balance_chg_3y": {
      "mean": -0.15135516657255788,
      "std": 5.9519200752917545
    },
    "tot_volatility_5y": {
      "mean": 0.10574853688677388,
      "std": 0.06486049170789113
    },
    "reserve_currency_share": {
      "mean": 3.1410502540937317,
      "std": 8.138122297944697
    },
    "region_default_rate": {
      "mean": 0.25508378621483896,
      "std": 0.2214012675463233
    },
    "vix_annual": {
      "mean": 19.715584557994628,
      "std": 5.874084559409069
    }
  },
  "medians": {
    "gross_debt_pct_gdp": 43.8,
    "fiscal_balance_pct_gdp": -2.3,
    "interest_pct_revenue": 4.95387039532298,
    "current_account_pct_gdp": -0.4,
    "reserves_to_imports_months": 4.21712222634877,
    "short_term_debt_pct_reserves": 25.320263174128947,
    "external_debt_pct_gni": 37.19063672863745,
    "external_liquidity_ratio": 1.6311347954422513,
    "real_gdp_growth": 3.3,
    "inflation": 3.1,
    "gdp_per_capita_ppp_log": 10.028874470849477,
    "rule_of_law": 0.61564145,
    "govt_effectiveness": 0.511363,
    "political_stability": 0.7006186999999999,
    "control_of_corruption": 0.4780849,
    "years_since_default": 100.0,
    "debt_chg_5y_pp": 2.5999999999999996,
    "fiscal_balance_chg_3y": 0.1499999999999999,
    "tot_volatility_5y": 0.09462930331108518,
    "reserve_currency_share": 0.0,
    "region_default_rate": 0.22727272727272727,
    "vix_annual": 17.667408098501987
  },
  "pd_calibration": [
    {
      "bucket": 1,
      "score_lo": 0.0014840778063235692,
      "score_hi": 0.004774752703800922,
      "pd_empirical": 0.0,
      "n_obs": 177,
      "n_events": 0
    },
    {
      "bucket": 2,
      "score_lo": 0.004775114094370792,
      "score_hi": 0.006809930855778276,
      "pd_empirical": 0.0,
      "n_obs": 177,
      "n_events": 0
    },
    {
      "bucket": 3,
      "score_lo": 0.0068151913164445355,
      "score_hi": 0.008732111175839044,
      "pd_empirical": 0.0,
      "n_obs": 177,
      "n_events": 0
    },
    {
      "bucket": 4,
      "score_lo": 0.008736587315427483,
      "score_hi": 0.011643621789730371,
      "pd_empirical": 0.0,
      "n_obs": 177,
      "n_events": 0
    },
    {
      "bucket": 5,
      "score_lo": 0.011657362614656875,
      "score_hi": 0.01707680790547178,
      "pd_empirical": 0.0,
      "n_obs": 177,
      "n_events": 0
    },
    {
      "bucket": 6,
      "score_lo": 0.0170887182250913,
      "score_hi": 0.023556462298619837,
      "pd_empirical": 0.0,
      "n_obs": 177,
      "n_events": 0
    },
    {
      "bucket": 7,
      "score_lo": 0.02356768643916754,
      "score_hi": 0.03025316227909933,
      "pd_empirical": 0.0,
      "n_obs": 177,
      "n_events": 0
    },
    {
      "bucket": 8,
      "score_lo": 0.030316556481222133,
      "score_hi": 0.036808168186281576,
      "pd_empirical": 0.0,
      "n_obs": 177,
      "n_events": 0
    },
    {
      "bucket": 9,
      "score_lo": 0.03681384332521678,
      "score_hi": 0.04540626360901321,
      "pd_empirical": 0.0,
      "n_obs": 177,
      "n_events": 0
    },
    {
      "bucket": 10,
      "score_lo": 0.04558888232891739,
      "score_hi": 0.05509245024037988,
      "pd_empirical": 0.0,
      "n_obs": 178,
      "n_events": 0
    },
    {
      "bucket": 11,
      "score_lo": 0.055123588930263874,
      "score_hi": 0.06516737400570348,
      "pd_empirical": 0.0,
      "n_obs": 177,
      "n_events": 0
    },
    {
      "bucket": 12,
      "score_lo": 0.06516737400570348,
      "score_hi": 0.08559750251034093,
      "pd_empirical": 0.0,
      "n_obs": 177,
      "n_events": 0
    },
    {
      "bucket": 13,
      "score_lo": 0.0856282574823544,
      "score_hi": 0.1142717610836181,
      "pd_empirical": 0.0,
      "n_obs": 177,
      "n_events": 0
    },
    {
      "bucket": 14,
      "score_lo": 0.11454000496741805,
      "score_hi": 0.1657783345483543,
      "pd_empirical": 0.0,