{
  "estimator": "gbm",
  "cadence": "quarterly",
  "horizon_quarters": 20,
  "feature_importance": {
    "gross_debt_pct_gdp": 0.01206212340906061,
    "fiscal_balance_pct_gdp": 0.0017672411438453884,
    "interest_pct_revenue": 0.0014067117762879499,
    "current_account_pct_gdp": 0.008309261298411096,
    "reserves_to_imports_months": 0.006934209304376426,
    "short_term_debt_pct_reserves": 0.0027023241040833312,
    "external_debt_pct_gni": 0.0056713737038560415,
    "external_liquidity_ratio": 0.00275067465430312,
    "real_gdp_growth": 0.002813867404091108,
    "inflation": 0.0016764125403759156,
    "gdp_per_capita_ppp": 0.03590482204188088,
    "rule_of_law": 0.0012509345269265727,
    "govt_effectiveness": 0.009079924098464521,
    "political_stability": 0.0035796722249233025,
    "control_of_corruption": 0.0024705458183530205,
    "years_since_default": 0.017453485336706785,
    "debt_chg_5y_pp": 0.0015810820143952631,
    "tot_volatility_5y": 0.001601377246864244,
    "reserve_currency_share": 0.0007406077117396714,
    "region_default_rate": 0.01233741377574633,
    "vix_annual": 0.0007175713303527731
  },
  "coefficients": {
    "gross_debt_pct_gdp": 0.01206212340906061,
    "fiscal_balance_pct_gdp": -0.0017672411438453884,
    "interest_pct_revenue": 0.0014067117762879499,
    "current_account_pct_gdp": -0.008309261298411096,
    "reserves_to_imports_months": -0.006934209304376426,
    "short_term_debt_pct_reserves": 0.0027023241040833312,
    "external_debt_pct_gni": 0.0056713737038560415,
    "external_liquidity_ratio": 0.00275067465430312,
    "real_gdp_growth": -0.002813867404091108,
    "inflation": 0.0016764125403759156,
    "gdp_per_capita_ppp": -0.03590482204188088,
    "rule_of_law": -0.0012509345269265727,
    "govt_effectiveness": -0.009079924098464521,
    "political_stability": -0.0035796722249233025,
    "control_of_corruption": -0.0024705458183530205,
    "years_since_default": -0.017453485336706785,
    "debt_chg_5y_pp": 0.0015810820143952631,
    "tot_volatility_5y": 0.001601377246864244,
    "reserve_currency_share": -0.0007406077117396714,
    "region_default_rate": 0.01233741377574633,
    "vix_annual": 0.0007175713303527731
  },
  "intercept": 0.0,
  "class_balance_log_odds": -2.03603113490939,
  "scaler": {
    "gross_debt_pct_gdp": {
      "mean": 49.35290796160361,
      "std": 31.993918675731315
    },
    "fiscal_balance_pct_gdp": {
      "mean": -1.8414455110107284,
      "std": 6.369825364514751
    },
    "interest_pct_revenue": {
      "mean": 5.783452611620537,
      "std": 4.365719086603521
    },
    "current_account_pct_gdp": {
      "mean": 0.8369565217391307,
      "std": 13.666048499680823
    },
    "reserves_to_imports_months": {
      "mean": 4.8532478970976,
      "std": 4.234966032697369
    },
    "short_term_debt_pct_reserves": {
      "mean": 137.33267979717547,
      "std": 1473.231973038342
    },
    "external_debt_pct_gni": {
      "mean": 39.581751329643815,
      "std": 18.433993142774977
    },
    "external_liquidity_ratio": {
      "mean": 17.942303661751264,
      "std": 44.218664697969835
    },
    "real_gdp_growth": {
      "mean": 3.339073969508752,
      "std": 4.463689166466944
    },
    "inflation": {
      "mean": 4.2700734048560145,
      "std": 4.839133894684632
    },
    "gdp_per_capita_ppp": {
      "mean": 29384.17770242801,
      "std": 26089.94010915252
    },
    "rule_of_law": {
      "mean": 0.548300868210051,
      "std": 0.7129930254002154
    },
    "govt_effectiveness": {
      "mean": 0.5246175500564654,
      "std": 0.7027296746883802
    },
    "political_stability": {
      "mean": 0.5406111945793337,
      "std": 0.6501479856835038
    },
    "control_of_corruption": {
      "mean": 0.4805061178712593,
      "std": 0.7589648154955428
    },
    "years_since_default": {
      "mean": 68.77639751552795,
      "std": 41.56581263921011
    },
    "debt_chg_5y_pp": {
      "mean": 2.302399774138905,
      "std": 14.724262834883943
    },
    "tot_volatility_5y": {
      "mean": 0.10574853688677388,
      "std": 0.0648536239244011
    },
    "reserve_currency_share": {
      "mean": 3.141050254093733,
      "std": 8.137260589060563
    },
    "region_default_rate": {
      "mean": 0.25508378621483896,
      "std": 0.22137782436960532
    },
    "vix_annual": {
      "mean": 19.715584557994628,
      "std": 5.873462579219386
    }
  },
  "medians": {
    "gross_debt_pct_gdp": 43.8,
    "fiscal_balance_pct_gdp": -2.3,
    "interest_pct_revenue": 4.95387039532298,
    "current_account_pct_gdp": -0.4,
    "reserves_to_imports_months": 4.21712222634877,
    "short_term_debt_pct_reserves": 31.6377915902306,
    "external_debt_pct_gni": 37.19063672863745,
    "external_liquidity_ratio": 1.6311347954422513,
    "real_gdp_growth": 3.3,
    "inflation": 3.1,
    "gdp_per_capita_ppp": 22671.7395,
    "rule_of_law": 0.61564145,
    "govt_effectiveness": 0.511363,
    "political_stability": 0.7006186999999999,
    "control_of_corruption": 0.4780849,
    "years_since_default": 100.0,
    "debt_chg_5y_pp": 2.5999999999999996,
    "tot_volatility_5y": 0.09462930331108518,
    "reserve_currency_share": 0.0,
    "region_default_rate": 0.22727272727272727,
    "vix_annual": 17.667408098501987
  },
  "pd_calibration": [
    {
      "bucket": 1,
      "score_lo": 0.0016013606297745613,
      "score_hi": 0.004885939148520023,
      "pd_empirical": 0.0,
      "n_obs": 708,
      "n_events": 0
    },
    {
      "bucket": 2,
      "score_lo": 0.0049165382879347635,
      "score_hi": 0.0071082346726991374,
      "pd_empirical": 0.0,
      "n_obs": 708,
      "n_events": 0
    },
    {
      "bucket": 3,
      "score_lo": 0.0071125914434894515,
      "score_hi": 0.009690951526713029,
      "pd_empirical": 0.0,
      "n_obs": 709,
      "n_events": 0
    },
    {
      "bucket": 4,
      "score_lo": 0.009715602190618563,
      "score_hi": 0.012463290306996224,
      "pd_empirical": 0.0,
      "n_obs": 708,
      "n_events": 0
    },
    {
      "bucket": 5,
      "score_lo": 0.012463290306996224,
      "score_hi": 0.015861403729676368,
      "pd_empirical": 0.0,
      "n_obs": 709,
      "n_events": 0
    },
    {
      "bucket": 6,
      "score_lo": 0.015861403729676368,
      "score_hi": 0.02027790686297174,
      "pd_empirical": 0.0,
      "n_obs": 708,
      "n_events": 0
    },
    {
      "bucket": 7,
      "score_lo": 0.02028674607787091,
      "score_hi": 0.026586652986205092,
      "pd_empirical": 0.0,
      "n_obs": 708,
      "n_events": 0
    },
    {
      "bucket": 8,
      "score_lo": 0.026586652986205092,
      "score_hi": 0.03429074259133327,
      "pd_empirical": 0.0,
      "n_obs": 709,
      "n_events": 0
    },
    {
      "bucket": 9,
      "score_lo": 0.03429074259133327,
      "score_hi": 0.041010867614931786,
      "pd_empirical": 0.0,
      "n_obs": 708,
      "n_events": 0
    },
    {
      "bucket": 10,
      "score_lo": 0.041010867614931786,
      "score_hi": 0.050455013910739685,
      "pd_empirical": 0.0,
      "n_obs": 709,
      "n_events": 0
    },
    {
      "bucket": 11,
      "score_lo": 0.050455013910739685,
      "score_hi": 0.06109635043932053,
      "pd_empirical": 0.0,
      "n_obs": 708,
      "n_events": 0
    },
    {
      "bucket": 12,
      "score_lo": 0.06109635043932053,
      "score_hi": 0.07300632576594956,
      "pd_empirical": 0.0,
      "n_obs": 708,
      "n_events": 0
    },
    {
      "bucket": 13,
      "score_lo": 0.07303877063366937,
      "score_hi": 0.10394138977787931,
      "pd_empirical": 0.0,
      "n_obs": 709,
      "n_events": 0
    },
    {
      "bucket": 14,
      "score_lo": 0.10394138977787931,
      "score_hi": 0.15184932189330347,
      "pd_empirical": 0.0,
      "n_obs": 708,
      "n_events": 0
    },
    {
      "bucket": 15,
      "score_lo": 0.15184932189330347,
      "score_hi": 0.23102680605701872,
      "pd_empirical": 0.0,
      "n_obs": 709,
      "n_events": 0
    },
    {
      "bucket": 16,