{
  "estimator": "gbm",
  "horizon_years": 5,
  "feature_importance": {
    "gross_debt_pct_gdp": 0.008364973463450675,
    "fiscal_balance_pct_gdp": 0.0031882883498568606,
    "interest_pct_revenue": 0.004877653849081032,
    "shadow_debt_gap_pp": 0.0008176666475104178,
    "current_account_pct_gdp": 0.02633041925728726,
    "reserves_to_imports_months": 0.018207843231665567,
    "short_term_debt_pct_reserves": 0.005316066067232117,
    "external_debt_pct_gni": 0.014038995602869708,
    "real_gdp_growth": 0.007859385023041832,
    "inflation": 0.005693340157091364,
    "gdp_per_capita_ppp": 0.06040184971475342,
    "rule_of_law": 0.008556949904400035,
    "control_of_corruption": 0.009413233172162172,
    "govt_effectiveness": 0.02515976680143327,
    "regulatory_quality": 0.014155524991884449,
    "political_stability": 0.0072277732130736514,
    "voice_accountability": 0.013403287208249359,
    "years_since_default": 0.036051071014197855,
    "default_count_25y": 0.001311858428247259,
    "debt_chg_5y_pp": 0.014171678349375372
  },
  "coefficients": {
    "gross_debt_pct_gdp": 0.008364973463450675,
    "fiscal_balance_pct_gdp": -0.0031882883498568606,
    "interest_pct_revenue": 0.004877653849081032,
    "shadow_debt_gap_pp": 0.0008176666475104178,
    "current_account_pct_gdp": -0.02633041925728726,
    "reserves_to_imports_months": -0.018207843231665567,
    "short_term_debt_pct_reserves": 0.005316066067232117,
    "external_debt_pct_gni": 0.014038995602869708,
    "real_gdp_growth": -0.007859385023041832,
    "inflation": 0.005693340157091364,
    "gdp_per_capita_ppp": -0.06040184971475342,
    "rule_of_law": -0.008556949904400035,
    "control_of_corruption": -0.009413233172162172,
    "govt_effectiveness": -0.02515976680143327,
    "regulatory_quality": -0.014155524991884449,
    "political_stability": -0.0072277732130736514,
    "voice_accountability": -0.013403287208249359,
    "years_since_default": -0.036051071014197855,
    "default_count_25y": 0.001311858428247259,
    "debt_chg_5y_pp": 0.014171678349375372
  },
  "intercept": 0.0,
  "class_balance_log_odds": -1.9810014688665833,
  "scaler": {
    "gross_debt_pct_gdp": {
      "mean": 52.45979255643685,
      "std": 35.471873078491186
    },
    "fiscal_balance_pct_gdp": {
      "mean": -2.19814927801505,
      "std": 6.128069267327565
    },
    "interest_pct_revenue": {
      "mean": 6.479026197399013,
      "std": 5.833616317311248
    },
    "shadow_debt_gap_pp": {
      "mean": 9.271568029286147,
      "std": 3.3277143680117534
    },
    "current_account_pct_gdp": {
      "mean": -0.8612365263371975,
      "std": 12.973476194025286
    },
    "reserves_to_imports_months": {
      "mean": 4.752586607209184,
      "std": 3.8371841971590896
    },
    "short_term_debt_pct_reserves": {
      "mean": 30.67290921354933,
      "std": 60.56947662778477
    },
    "external_debt_pct_gni": {
      "mean": 45.1794879907533,
      "std": 25.894902290751485
    },
    "real_gdp_growth": {
      "mean": 3.3908480780964,
      "std": 4.614534387851399
    },
    "inflation": {
      "mean": 24.265710799267847,
      "std": 975.4240578726423
    },
    "gdp_per_capita_ppp": {
      "mean": 23314.627408582466,
      "std": 24461.801203146464
    },
    "rule_of_law": {
      "mean": 0.04816848802115145,
      "std": 0.8321778169012565
    },
    "control_of_corruption": {
      "mean": 0.02579143870246123,
      "std": 0.8399715783638048
    },
    "govt_effectiveness": {
      "mean": 0.08872357919463117,
      "std": 0.8098349718012433
    },
    "regulatory_quality": {
      "mean": 0.07209154584096023,
      "std": 0.8161760656324162
    },
    "political_stability": {
      "mean": 0.11133210235916238,
      "std": 0.7905503220252542
    },
    "voice_accountability": {
      "mean": 0.07459688103518441,
      "std": 0.8239694364556046
    },
    "years_since_default": {
      "mean": 52.809436648362826,
      "std": 43.881100080695134
    },
    "default_count_25y": {
      "mean": 1.2898108602806588,
      "std": 1.76877465389493
    },
    "debt_chg_5y_pp": {
      "mean": 1.6669513931258897,
      "std": 22.845705172602727
    }
  },
  "medians": {
    "gross_debt_pct_gdp": 46.3,
    "fiscal_balance_pct_gdp": -2.5,
    "interest_pct_revenue": 5.41407297462898,
    "shadow_debt_gap_pp": 9.1,
    "current_account_pct_gdp": -1.5,
    "reserves_to_imports_months": 4.1676367510060555,
    "short_term_debt_pct_reserves": 25.071969614961098,
    "external_debt_pct_gni": 41.305984636710704,
    "real_gdp_growth": 3.5,
    "inflation": 3.5,
    "gdp_per_capita_ppp": 15052.708,
    "rule_of_law": -0.0201063,
    "control_of_corruption": -0.0798663999999999,
    "govt_effectiveness": 0.0250833,
    "regulatory_quality": 0.0071335,
    "political_stability": 0.1588848,
    "voice_accountability": 0.09736294999999995,
    "years_since_default": 29.0,
    "default_count_25y": 0.0,
    "debt_chg_5y_pp": 3.0
  },
  "pd_calibration": [
    {
      "bucket": 1,
      "score_lo": 0.00550871687971155,
      "score_hi": 0.012883213823871868,
      "pd_empirical": 0.0,
      "n_obs": 245,
      "n_events": 0
    },
    {
      "bucket": 2,
      "score_lo": 0.012883519584797998,
      "score_hi": 0.016369705763077835,
      "pd_empirical": 0.0,
      "n_obs": 246,
      "n_events": 0
    },
    {
      "bucket": 3,
      "score_lo": 0.01638851423216887,
      "score_hi": 0.02292190019734597,
      "pd_empirical": 0.0,
      "n_obs": 246,
      "n_events": 0
    },
    {
      "bucket": 4,
      "score_lo": 0.022953720381770952,
      "score_hi": 0.036253405499351125,
      "pd_empirical": 0.0,
      "n_obs": 246,
      "n_events": 0
    },
    {
      "bucket": 5,
      "score_lo": 0.036299340295299354,
      "score_hi": 0.04920858561837741,
      "pd_empirical": 0.0,
      "n_obs": 246,
      "n_events": 0
    },
    {
      "bucket": 6,
      "score_lo": 0.049213458344174676,
      "score_hi": 0.062200032292224636,
      "pd_empirical": 0.0,
      "n_obs": 246,
      "n_events": 0
    },
    {
      "bucket": 7,
      "score_lo": 0.06222008137344678,
      "score_hi": 0.07774430576659576,
      "pd_empirical": 0.0,
      "n_obs": 245,
      "n_events": 0
    },
    {
      "bucket": 8,
      "score_lo": 0.07786191410815461,
      "score_hi": 0.1018258716022416,
      "pd_empirical": 0.0,
      "n_obs": 246,
      "n_events": 0
    },
    {
      "bucket": 9,
      "score_lo": 0.10191310169867204,
      "score_hi": 0.12917282066597444,
      "pd_empirical": 0.0,
      "n_obs": 246,
      "n_events": 0
    },
    {
      "bucket": 10,
      "score_lo": 0.12917282066597444,
      "score_hi": 0.160530574934622,
      "pd_empirical": 0.02032520325203252,
      "n_obs": 246,
      "n_events": 5
    },
    {
      "bucket": 11,
      "score_lo": 0.16073178560791254,
      "score_hi": 0.20580624291575264,
      "pd_empirical": 0.0,
      "n_obs": 246,
      "n_events": 0
    },
    {
      "bucket": 12,
      "score_lo": 0.2058414329266583,
      "score_hi": 0.255406899410345,
      "pd_empirical": 0.0,
      "n_obs": 246,
      "n_events": 0
    },
    {
      "bucket": 13,
      "score_lo": 0.2556948985286727,
      "score_hi": 0.3118799618686626,
      "pd_empirical": 0.0040650406504065045,
      "n_obs": 246,
      "n_events": 1
    },
    {
      "bucket": 14,
      "score_lo": 0.3119680437949397,
      "score_hi": 0.37706457262977316,
      "pd_empirical": 0.0163265306122449,
      "n_obs": 245,
      "n_events": 4
    },
    {
      "bucket": 15,
      "score_lo": 0.3775531897943009,
      "score_hi": 0.4501891175457056,
      "pd_empirical": 0.044715447154471545,
      "n_obs": 246,
      "n_events": 11
    },
    {
      "bucket": 16,
      "score_lo": 0.4502895426391767,
      "score_hi": 0.5486135785341456,
      "pd_empirical": 0.052845528455284556,
      "n_obs": 246,
      "n_events": 13
    },
    {
      "bucket": 17,
      "score_lo": 0.5498359895165399,
      "score_hi": 0.6640579887150508,