{
  "estimator": "gbm",
  "horizon_years": 1,
  "feature_importance": {
    "gross_debt_pct_gdp": 0.003927138447971634,
    "fiscal_balance_pct_gdp": 0.00561381172839488,
    "interest_pct_revenue": 0.001967923280423156,
    "shadow_debt_gap_pp": 0.00023897707231023134,
    "current_account_pct_gdp": 0.031162808641975116,
    "reserves_to_imports_months": 0.010498952821869367,
    "short_term_debt_pct_reserves": 0.008132109788359676,
    "external_debt_pct_gni": 0.007006779100528937,
    "real_gdp_growth": 0.009623897707230855,
    "inflation": 0.006714010141093296,
    "gdp_per_capita_ppp": 0.0453270502645501,
    "rule_of_law": 0.00544957010581999,
    "control_of_corruption": 0.0023995260141091877,
    "govt_effectiveness": 0.011082782186948659,
    "regulatory_quality": 0.0030284942680774197,
    "political_stability": 0.009646990740740602,
    "voice_accountability": 0.0040931988536153764,
    "years_since_default": 0.029317680776013967,
    "default_count_25y": 0.0006672178130510021,
    "debt_chg_5y_pp": 0.012391038359788198,
    "tot_volatility_5y": 0.0025728615520280605,
    "reer_overvaluation_pct": 0.0013668981481479991
  },
  "coefficients": {
    "gross_debt_pct_gdp": 0.003927138447971634,
    "fiscal_balance_pct_gdp": -0.00561381172839488,
    "interest_pct_revenue": 0.001967923280423156,
    "shadow_debt_gap_pp": 0.00023897707231023134,
    "current_account_pct_gdp": -0.031162808641975116,
    "reserves_to_imports_months": -0.010498952821869367,
    "short_term_debt_pct_reserves": 0.008132109788359676,
    "external_debt_pct_gni": 0.007006779100528937,
    "real_gdp_growth": -0.009623897707230855,
    "inflation": 0.006714010141093296,
    "gdp_per_capita_ppp": -0.0453270502645501,
    "rule_of_law": -0.00544957010581999,
    "control_of_corruption": -0.0023995260141091877,
    "govt_effectiveness": -0.011082782186948659,
    "regulatory_quality": -0.0030284942680774197,
    "political_stability": -0.009646990740740602,
    "voice_accountability": -0.0040931988536153764,
    "years_since_default": -0.029317680776013967,
    "default_count_25y": 0.0006672178130510021,
    "debt_chg_5y_pp": 0.012391038359788198,
    "tot_volatility_5y": 0.0025728615520280605,
    "reer_overvaluation_pct": 0.0013668981481479991
  },
  "intercept": 0.0,
  "class_balance_log_odds": -3.2031274679000616,
  "scaler": {
    "gross_debt_pct_gdp": {
      "mean": 52.45979255643685,
      "std": 35.471873078491186
    },
    "fiscal_balance_pct_gdp": {
      "mean": -2.19814927801505,
      "std": 6.128069267327565
    },
    "interest_pct_revenue": {
      "mean": 6.479026197399013,
      "std": 5.833616317311248
    },
    "shadow_debt_gap_pp": {
      "mean": 9.271568029286147,
      "std": 3.3277143680117534
    },
    "current_account_pct_gdp": {
      "mean": -0.8612365263371975,
      "std": 12.973476194025286
    },
    "reserves_to_imports_months": {
      "mean": 4.752586607209184,
      "std": 3.8371841971590896
    },
    "short_term_debt_pct_reserves": {
      "mean": 30.67290921354933,
      "std": 60.56947662778477
    },
    "external_debt_pct_gni": {
      "mean": 45.1794879907533,
      "std": 25.894902290751485
    },
    "real_gdp_growth": {
      "mean": 3.3908480780964,
      "std": 4.614534387851399
    },
    "inflation": {
      "mean": 24.265710799267847,
      "std": 975.4240578726423
    },
    "gdp_per_capita_ppp": {
      "mean": 23314.627408582466,
      "std": 24461.801203146464
    },
    "rule_of_law": {
      "mean": 0.04816848802115145,
      "std": 0.8321778169012565
    },
    "control_of_corruption": {
      "mean": 0.02579143870246123,
      "std": 0.8399715783638048
    },
    "govt_effectiveness": {
      "mean": 0.08872357919463117,
      "std": 0.8098349718012433
    },
    "regulatory_quality": {
      "mean": 0.07209154584096023,
      "std": 0.8161760656324162
    },
    "political_stability": {
      "mean": 0.11133210235916238,
      "std": 0.7905503220252542
    },
    "voice_accountability": {
      "mean": 0.07459688103518441,
      "std": 0.8239694364556046
    },
    "years_since_default": {
      "mean": 52.809436648362826,
      "std": 43.881100080695134
    },
    "default_count_25y": {
      "mean": 1.2898108602806588,
      "std": 1.76877465389493
    },
    "debt_chg_5y_pp": {
      "mean": 1.6669513931258897,
      "std": 22.845705172602727
    },
    "tot_volatility_5y": {
      "mean": 0.10984802461117696,
      "std": 0.06361592968953707
    },
    "reer_overvaluation_pct": {
      "mean": 0.3196063279217246,
      "std": 4.673309269297162
    }
  },
  "medians": {
    "gross_debt_pct_gdp": 46.3,
    "fiscal_balance_pct_gdp": -2.5,
    "interest_pct_revenue": 5.41407297462898,
    "shadow_debt_gap_pp": 9.1,
    "current_account_pct_gdp": -1.5,
    "reserves_to_imports_months": 4.1676367510060555,
    "short_term_debt_pct_reserves": 25.071969614961098,
    "external_debt_pct_gni": 41.305984636710704,
    "real_gdp_growth": 3.5,
    "inflation": 3.5,
    "gdp_per_capita_ppp": 15052.708,
    "rule_of_law": -0.0201063,
    "control_of_corruption": -0.0798663999999999,
    "govt_effectiveness": 0.0250833,
    "regulatory_quality": 0.0071335,
    "political_stability": 0.1588848,
    "voice_accountability": 0.09736294999999995,
    "years_since_default": 29.0,
    "default_count_25y": 0.0,
    "debt_chg_5y_pp": 3.0,
    "tot_volatility_5y": 0.09935110516134757,
    "reer_overvaluation_pct": 0.2929846897136823
  },
  "pd_calibration": [
    {
      "bucket": 1,
      "score_lo": 0.004708042931591373,
      "score_hi": 0.010903103522308987,
      "pd_empirical": 0.0,
      "n_obs": 245,
      "n_events": 0
    },
    {
      "bucket": 2,
      "score_lo": 0.010915431135705062,
      "score_hi": 0.016072081092805522,
      "pd_empirical": 0.0,
      "n_obs": 246,
      "n_events": 0
    },
    {
      "bucket": 3,
      "score_lo": 0.01608189766601554,
      "score_hi": 0.021213933470504185,
      "pd_empirical": 0.0,
      "n_obs": 246,
      "n_events": 0
    },
    {
      "bucket": 4,
      "score_lo": 0.021269703292934,
      "score_hi": 0.02866301160447934,
      "pd_empirical": 0.0,
      "n_obs": 246,
      "n_events": 0
    },
    {
      "bucket": 5,
      "score_lo": 0.028682319321973956,
      "score_hi": 0.03547452481849323,
      "pd_empirical": 0.0,
      "n_obs": 246,
      "n_events": 0
    },
    {
      "bucket": 6,
      "score_lo": 0.03551232311914085,
      "score_hi": 0.0425113506892619,
      "pd_empirical": 0.0,
      "n_obs": 246,
      "n_events": 0
    },
    {
      "bucket": 7,
      "score_lo": 0.04254585801958403,
      "score_hi": 0.052273945369461214,
      "pd_empirical": 0.0,
      "n_obs": 245,
      "n_events": 0
    },
    {
      "bucket": 8,
      "score_lo": 0.052300565467745044,
      "score_hi": 0.06563207446809838,
      "pd_empirical": 0.0,
      "n_obs": 246,
      "n_events": 0
    },
    {
      "bucket": 9,
      "score_lo": 0.06563860224668085,
      "score_hi": 0.07527009710268331,
      "pd_empirical": 0.0040650406504065045,
      "n_obs": 246,
      "n_events": 1
    },
    {
      "bucket": 10,
      "score_lo": 0.07530956595344715,
      "score_hi": 0.0948335833228131,
      "pd_empirical": 0.0,
      "n_obs": 246,
      "n_events": 0
    },
    {
      "bucket": 11,
      "score_lo": 0.09490263254701783,
      "score_hi": 0.1252387967916556,
      "pd_empirical": 0.0,
      "n_obs": 246,
      "n_events": 0
    },
    {
      "bucket": 12,
      "score_lo": 0.12547778370638218,
      "score_hi": 0.1597879014643788,
      "pd_empirical": 0.0,
      "n_obs": 246,
      "n_events": 0
    },
    {
      "bucket": 13,
      "score_lo": 0.15982633052031275,
      "score_hi": 0.19883053809617693,
      "pd_empirical": 0.0,
      "n_obs": 246,
      "n_events": 0
    },
    {
      "bucket": 14,
      "score_lo": 0.198844327041031,
      "score_hi": 0.2445669174708479,
      "pd_empirical": 0.0,
      "n_obs": 245,