{
  "estimator": "gbm",
  "horizon_years": 3,
  "feature_importance": {
    "gross_debt_pct_gdp": 0.00854506314814214,
    "fiscal_balance_pct_gdp": 0.004270423588309901,
    "interest_pct_revenue": 0.0031862585741685655,
    "current_account_pct_gdp": 0.005703904700757467,
    "reserves_to_imports_months": 0.007241769204512227,
    "short_term_debt_pct_reserves": 0.0018401445824258067,
    "external_debt_pct_gni": 0.00347690663502489,
    "external_liquidity_ratio": 0.001400159698969472,
    "real_gdp_growth": 0.002270122882871184,
    "inflation": 0.0012681439159975439,
    "gdp_per_capita_ppp": 0.04550643469002955,
    "rule_of_law": 0.001932946750755804,
    "govt_effectiveness": 0.007242734306426979,
    "political_stability": 0.007251013864958899,
    "control_of_corruption": 0.00318747765027142,
    "years_since_default": 0.013187406537498803,
    "debt_chg_5y_pp": 0.0013853784012223592,
    "fiscal_balance_chg_3y": 0.0021487232209616127,
    "tot_volatility_5y": 0.0017900608725334387,
    "reserve_currency_share": 0.0018252616950034327,
    "region_default_rate": 0.009615005607750072,
    "vix_annual": 0.0006651583986216237
  },
  "coefficients": {
    "gross_debt_pct_gdp": 0.00854506314814214,
    "fiscal_balance_pct_gdp": -0.004270423588309901,
    "interest_pct_revenue": 0.0031862585741685655,
    "current_account_pct_gdp": -0.005703904700757467,
    "reserves_to_imports_months": -0.007241769204512227,
    "short_term_debt_pct_reserves": 0.0018401445824258067,
    "external_debt_pct_gni": 0.00347690663502489,
    "external_liquidity_ratio": 0.001400159698969472,
    "real_gdp_growth": -0.002270122882871184,
    "inflation": 0.0012681439159975439,
    "gdp_per_capita_ppp": -0.04550643469002955,
    "rule_of_law": -0.001932946750755804,
    "govt_effectiveness": -0.007242734306426979,
    "political_stability": -0.007251013864958899,
    "control_of_corruption": -0.00318747765027142,
    "years_since_default": -0.013187406537498803,
    "debt_chg_5y_pp": 0.0013853784012223592,
    "fiscal_balance_chg_3y": -0.0021487232209616127,
    "tot_volatility_5y": 0.0017900608725334387,
    "reserve_currency_share": -0.0018252616950034327,
    "region_default_rate": 0.009615005607750072,
    "vix_annual": 0.0006651583986216237
  },
  "intercept": 0.0,
  "class_balance_log_odds": -2.3656834328313585,
  "scaler": {
    "gross_debt_pct_gdp": {
      "mean": 49.35290796160361,
      "std": 31.997306725512406
    },
    "fiscal_balance_pct_gdp": {
      "mean": -1.8414455110107284,
      "std": 6.370499907875778
    },
    "interest_pct_revenue": {
      "mean": 5.783452611620537,
      "std": 4.366181401762512
    },
    "current_account_pct_gdp": {
      "mean": 0.8369565217391305,
      "std": 13.667495688851512
    },
    "reserves_to_imports_months": {
      "mean": 4.853247897097599,
      "std": 4.235414501542347
    },
    "short_term_debt_pct_reserves": {
      "mean": 27.46737007815227,
      "std": 17.06106416166251
    },
    "external_debt_pct_gni": {
      "mean": 39.581751329643815,
      "std": 18.43594524145446
    },
    "external_liquidity_ratio": {
      "mean": 17.94230366175126,
      "std": 44.223347307773594
    },
    "real_gdp_growth": {
      "mean": 3.339073969508752,
      "std": 4.464161856332161
    },
    "inflation": {
      "mean": 4.270073404856013,
      "std": 4.839646342900245
    },
    "gdp_per_capita_ppp": {
      "mean": 29384.177702428005,
      "std": 26092.702947203095
    },
    "rule_of_law": {
      "mean": 0.548300868210051,
      "std": 0.7130685289947112
    },
    "govt_effectiveness": {
      "mean": 0.5246175500564654,
      "std": 0.7028040914282081
    },
    "political_stability": {
      "mean": 0.5406111945793337,
      "std": 0.6502168341970128
    },
    "control_of_corruption": {
      "mean": 0.48050611787125935,
      "std": 0.759045187350011
    },
    "years_since_default": {
      "mean": 68.77639751552795,
      "std": 41.57021432078796
    },
    "debt_chg_5y_pp": {
      "mean": 2.3023997741389044,
      "std": 14.725822085440257
    },
    "fiscal_balance_chg_3y": {
      "mean": -0.15135516657255788,
      "std": 5.9519200752917545
    },
    "tot_volatility_5y": {
      "mean": 0.10574853688677388,
      "std": 0.06486049170789113
    },
    "reserve_currency_share": {
      "mean": 3.1410502540937317,
      "std": 8.138122297944697
    },
    "region_default_rate": {
      "mean": 0.25508378621483896,
      "std": 0.2214012675463233
    },
    "vix_annual": {
      "mean": 19.715584557994628,
      "std": 5.874084559409069
    }
  },
  "medians": {
    "gross_debt_pct_gdp": 43.8,
    "fiscal_balance_pct_gdp": -2.3,
    "interest_pct_revenue": 4.95387039532298,
    "current_account_pct_gdp": -0.4,
    "reserves_to_imports_months": 4.21712222634877,
    "short_term_debt_pct_reserves": 25.320263174128947,
    "external_debt_pct_gni": 37.19063672863745,
    "external_liquidity_ratio": 1.6311347954422513,
    "real_gdp_growth": 3.3,
    "inflation": 3.1,
    "gdp_per_capita_ppp": 22671.7395,
    "rule_of_law": 0.61564145,
    "govt_effectiveness": 0.511363,
    "political_stability": 0.7006186999999999,
    "control_of_corruption": 0.4780849,
    "years_since_default": 100.0,
    "debt_chg_5y_pp": 2.5999999999999996,
    "fiscal_balance_chg_3y": 0.1499999999999999,
    "tot_volatility_5y": 0.09462930331108518,
    "reserve_currency_share": 0.0,
    "region_default_rate": 0.22727272727272727,
    "vix_annual": 17.667408098501987
  },
  "pd_calibration": [
    {
      "bucket": 1,
      "score_lo": 0.0015715795899918768,
      "score_hi": 0.004886121048778213,
      "pd_empirical": 0.0,
      "n_obs": 177,
      "n_events": 0
    },
    {
      "bucket": 2,
      "score_lo": 0.004887037763229286,
      "score_hi": 0.0064057700598126755,
      "pd_empirical": 0.0,
      "n_obs": 177,
      "n_events": 0
    },
    {
      "bucket": 3,
      "score_lo": 0.006428124731684117,
      "score_hi": 0.008216327682625039,
      "pd_empirical": 0.0,
      "n_obs": 177,
      "n_events": 0
    },
    {
      "bucket": 4,
      "score_lo": 0.008224819248814557,
      "score_hi": 0.010308535508543389,
      "pd_empirical": 0.0,
      "n_obs": 177,
      "n_events": 0
    },
    {
      "bucket": 5,
      "score_lo": 0.010309381233767899,
      "score_hi": 0.01399375965136006,
      "pd_empirical": 0.0,
      "n_obs": 177,
      "n_events": 0
    },
    {
      "bucket": 6,
      "score_lo": 0.01400216587682142,
      "score_hi": 0.019161114189547808,
      "pd_empirical": 0.0,
      "n_obs": 177,
      "n_events": 0
    },
    {
      "bucket": 7,
      "score_lo": 0.01916203075774818,
      "score_hi": 0.023568480135530503,
      "pd_empirical": 0.0,
      "n_obs": 177,
      "n_events": 0
    },
    {
      "bucket": 8,
      "score_lo": 0.023586234479102235,
      "score_hi": 0.02852333952784486,
      "pd_empirical": 0.0,
      "n_obs": 177,
      "n_events": 0
    },
    {
      "bucket": 9,
      "score_lo": 0.028576413608529725,
      "score_hi": 0.034179721777281076,
      "pd_empirical": 0.0,
      "n_obs": 177,
      "n_events": 0
    },
    {
      "bucket": 10,
      "score_lo": 0.034179721777281076,
      "score_hi": 0.042346447199028935,
      "pd_empirical": 0.0,
      "n_obs": 178,
      "n_events": 0
    },
    {
      "bucket": 11,
      "score_lo": 0.042346447199028935,
      "score_hi": 0.047709245280244436,
      "pd_empirical": 0.0,
      "n_obs": 177,
      "n_events": 0
    },
    {
      "bucket": 12,
      "score_lo": 0.047786717721927725,
      "score_hi": 0.06175929786715011,
      "pd_empirical": 0.0,
      "n_obs": 177,
      "n_events": 0
    },
    {
      "bucket": 13,
      "score_lo": 0.06178467665873788,
      "score_hi": 0.08632398776198445,
      "pd_empirical": 0.0,
      "n_obs": 177,
      "n_events": 0
    },
    {
      "bucket": 14,
      "score_lo": 0.08632398776198445,
      "score_hi": 0.1301328990894496,
      "pd_empirical": 0.0,
      "n_obs": 177,