{
  "estimator": "gbm",
  "cadence": "quarterly",
  "horizon_quarters": 12,
  "feature_importance": {
    "gross_debt_pct_gdp": 0.011500712530982216,
    "fiscal_balance_pct_gdp": 0.010502803353468182,
    "interest_pct_revenue": 0.007090650036240676,
    "shadow_debt_gap_pp": 0.0,
    "current_account_pct_gdp": 0.02880618138263944,
    "reserves_to_imports_months": 0.026116706800425014,
    "short_term_debt_pct_reserves": 0.01115466991290246,
    "external_debt_pct_gni": 0.01658751615409908,
    "real_gdp_growth": 0.011444653300243935,
    "inflation": 0.00928867224672234,
    "gdp_per_capita_ppp": 0.09820896898047196,
    "rule_of_law": 0.008921641711098615,
    "control_of_corruption": 0.007242105329167403,
    "govt_effectiveness": 0.016763610857226795,
    "regulatory_quality": 0.012625711943085394,
    "political_stability": 0.01237031648708382,
    "voice_accountability": 0.015930267072393912
  },
  "coefficients": {
    "gross_debt_pct_gdp": 0.011500712530982216,
    "fiscal_balance_pct_gdp": -0.010502803353468182,
    "interest_pct_revenue": 0.007090650036240676,
    "shadow_debt_gap_pp": 0.0,
    "current_account_pct_gdp": -0.02880618138263944,
    "reserves_to_imports_months": -0.026116706800425014,
    "short_term_debt_pct_reserves": 0.01115466991290246,
    "external_debt_pct_gni": 0.01658751615409908,
    "real_gdp_growth": -0.011444653300243935,
    "inflation": 0.00928867224672234,
    "gdp_per_capita_ppp": -0.09820896898047196,
    "rule_of_law": -0.008921641711098615,
    "control_of_corruption": -0.007242105329167403,
    "govt_effectiveness": -0.016763610857226795,
    "regulatory_quality": -0.012625711943085394,
    "political_stability": -0.01237031648708382,
    "voice_accountability": -0.015930267072393912
  },
  "intercept": 0.0,
  "class_balance_log_odds": -2.295498539163221,
  "scaler": {
    "gross_debt_pct_gdp": {
      "mean": 52.61256773655689,
      "std": 35.89291669463499
    },
    "fiscal_balance_pct_gdp": {
      "mean": -2.190662776156732,
      "std": 6.202942074056934
    },
    "interest_pct_revenue": {
      "mean": 6.505439168117987,
      "std": 5.902627770870666
    },
    "shadow_debt_gap_pp": {
      "mean": 9.143955814922883,
      "std": 1.6859013916590333
    },
    "current_account_pct_gdp": {
      "mean": -0.8453939141308878,
      "std": 13.131986581884204
    },
    "reserves_to_imports_months": {
      "mean": 4.767094534030395,
      "std": 3.883064096256519
    },
    "short_term_debt_pct_reserves": {
      "mean": 111.29608092761362,
      "std": 1268.0871789344246
    },
    "external_debt_pct_gni": {
      "mean": 45.27555862416953,
      "std": 26.204799398549603
    },
    "real_gdp_growth": {
      "mean": 3.3881408920383493,
      "std": 4.671022968387822
    },
    "inflation": {
      "mean": 24.78074197582326,
      "std": 987.3659620331907
    },
    "gdp_per_capita_ppp": {
      "mean": 23519.539540641934,
      "std": 24726.36079401607
    },
    "rule_of_law": {
      "mean": 0.04986183937057141,
      "std": 0.8423003916337688
    },
    "control_of_corruption": {
      "mean": 0.028411964506044544,
      "std": 0.8500930634809514
    },
    "govt_effectiveness": {
      "mean": 0.09030198545227207,
      "std": 0.8196914193713039
    },
    "regulatory_quality": {
      "mean": 0.07370263534806197,
      "std": 0.8261080627266477
    },
    "political_stability": {
      "mean": 0.11015270031263054,
      "std": 0.8001974419346479
    },
    "voice_accountability": {
      "mean": 0.07403223697373944,
      "std": 0.834053905705432
    }
  },
  "medians": {
    "gross_debt_pct_gdp": 46.3,
    "fiscal_balance_pct_gdp": -2.5,
    "interest_pct_revenue": 5.41407297462898,
    "shadow_debt_gap_pp": 9.1,
    "current_account_pct_gdp": -1.5,
    "reserves_to_imports_months": 4.1676367510060555,
    "short_term_debt_pct_reserves": 28.1855202341122,
    "external_debt_pct_gni": 41.305984636710704,
    "real_gdp_growth": 3.5,
    "inflation": 3.5,
    "gdp_per_capita_ppp": 15052.708,
    "rule_of_law": -0.0201063,
    "control_of_corruption": -0.0798663999999999,
    "govt_effectiveness": 0.0250833,
    "regulatory_quality": 0.0071335,
    "political_stability": 0.1588848,
    "voice_accountability": 0.09736294999999995
  },
  "pd_calibration": [
    {
      "bucket": 1,
      "score_lo": 0.004586910872405718,
      "score_hi": 0.012445406840255949,
      "pd_empirical": 0.0,
      "n_obs": 959,
      "n_events": 0
    },
    {
      "bucket": 2,
      "score_lo": 0.012445406840255949,
      "score_hi": 0.015688307517932088,
      "pd_empirical": 0.0,
      "n_obs": 960,
      "n_events": 0
    },
    {
      "bucket": 3,
      "score_lo": 0.015688307517932088,
      "score_hi": 0.020220117684327292,
      "pd_empirical": 0.0,
      "n_obs": 959,
      "n_events": 0
    },
    {
      "bucket": 4,
      "score_lo": 0.020220117684327292,
      "score_hi": 0.031270481601547384,
      "pd_empirical": 0.0,
      "n_obs": 960,
      "n_events": 0
    },
    {
      "bucket": 5,
      "score_lo": 0.031296027619637706,
      "score_hi": 0.05585214520950308,
      "pd_empirical": 0.0,
      "n_obs": 960,
      "n_events": 0
    },
    {
      "bucket": 6,
      "score_lo": 0.05585214520950308,
      "score_hi": 0.07867642139556821,
      "pd_empirical": 0.0,
      "n_obs": 959,
      "n_events": 0
    },
    {
      "bucket": 7,
      "score_lo": 0.07867642139556821,
      "score_hi": 0.09779497749795633,
      "pd_empirical": 0.0,
      "n_obs": 960,
      "n_events": 0
    },
    {
      "bucket": 8,
      "score_lo": 0.09786130041402144,
      "score_hi": 0.11755649167517461,
      "pd_empirical": 0.0,
      "n_obs": 959,
      "n_events": 0
    },
    {
      "bucket": 9,
      "score_lo": 0.11755649167517461,
      "score_hi": 0.1417915919166285,
      "pd_empirical": 0.0,
      "n_obs": 960,
      "n_events": 0
    },
    {
      "bucket": 10,
      "score_lo": 0.1417915919166285,
      "score_hi": 0.1710847546688894,
      "pd_empirical": 0.004166666666666667,
      "n_obs": 960,
      "n_events": 4
    },
    {
      "bucket": 11,
      "score_lo": 0.17122842681121542,
      "score_hi": 0.20903043055867584,
      "pd_empirical": 0.0,
      "n_obs": 959,
      "n_events": 0
    },
    {
      "bucket": 12,
      "score_lo": 0.20909329804955237,
      "score_hi": 0.2569204766790077,
      "pd_empirical": 0.0,
      "n_obs": 960,
      "n_events": 0
    },
    {
      "bucket": 13,
      "score_lo": 0.2569204766790077,
      "score_hi": 0.29987622695652916,
      "pd_empirical": 0.0,
      "n_obs": 959,
      "n_events": 0
    },
    {
      "bucket": 14,
      "score_lo": 0.29987622695652916,
      "score_hi": 0.364163564527071,
      "pd_empirical": 0.016666666666666666,
      "n_obs": 960,
      "n_events": 16
    },
    {
      "bucket": 15,
      "score_lo": 0.364163564527071,
      "score_hi": 0.43094224407616105,
      "pd_empirical": 0.0375,
      "n_obs": 960,
      "n_events": 36
    },
    {
      "bucket": 16,
      "score_lo": 0.43094224407616105,
      "score_hi": 0.5040076707875034,
      "pd_empirical": 0.020855057351407715,
      "n_obs": 959,
      "n_events": 20
    },
    {
      "bucket": 17,
      "score_lo": 0.5040076707875034,
      "score_hi": 0.6032295150532633,
      "pd_empirical": 0.10416666666666667,
      "n_obs": 960,
      "n_events": 100
    },
    {
      "bucket": 18,
      "score_lo": 0.6051244624640039,
      "score_hi": 0.710496048696337,
      "pd_empirical": 0.20125130344108447,
      "n_obs": 959,
      "n_events": 193
    },
    {
      "bucket": 19,
      "score_lo": 0.710496048696337,
      "score_hi": 0.8189631286643239,
      "pd_empirical": 0.5697916666666667,
      "n_obs": 960,
      "n_events": 547
    },
    {
      "bucket": 20,
      "score_lo": 0.8201894458457194,
      "score_hi": 0.9554928456152807,
      "pd_empirical": 0.875,
      "n_obs": 960,
      "n_events": 840
    }
  ],
  "auc_in_sample": 0.9746321202800375,