{
  "estimator": "gbm",
  "horizon_years": 3,
  "feature_importance": {
    "gross_debt_pct_gdp": 0.007351373897216795,
    "fiscal_balance_pct_gdp": 0.005598119264895463,
    "interest_pct_revenue": 0.0037860411031622964,
    "shadow_debt_gap_pp": 0.0004208650370332911,
    "current_account_pct_gdp": 0.020828913774362356,
    "reserves_to_imports_months": 0.015444652291513927,
    "short_term_debt_pct_reserves": 0.005844814075178806,
    "external_debt_pct_gni": 0.009206931418893293,
    "real_gdp_growth": 0.007438231502312975,
    "inflation": 0.0069111706564877525,
    "gdp_per_capita_ppp": 0.06950529588715589,
    "rule_of_law": 0.005000657246138662,
    "control_of_corruption": 0.00513182840820039,
    "govt_effectiveness": 0.01747657928663513,
    "regulatory_quality": 0.0053661113779417844,
    "political_stability": 0.01209676685457164,
    "voice_accountability": 0.011511034151520516,
    "years_since_default": 0.029510048282312462,
    "default_count_25y": 0.0003919462069313928,
    "debt_chg_5y_pp": 0.00859422634545869,
    "tot_volatility_5y": 0.004266892489698915,
    "reer_overvaluation_pct": 0.0038128112439646976
  },
  "coefficients": {
    "gross_debt_pct_gdp": 0.007351373897216795,
    "fiscal_balance_pct_gdp": -0.005598119264895463,
    "interest_pct_revenue": 0.0037860411031622964,
    "shadow_debt_gap_pp": 0.0004208650370332911,
    "current_account_pct_gdp": -0.020828913774362356,
    "reserves_to_imports_months": -0.015444652291513927,
    "short_term_debt_pct_reserves": 0.005844814075178806,
    "external_debt_pct_gni": 0.009206931418893293,
    "real_gdp_growth": -0.007438231502312975,
    "inflation": 0.0069111706564877525,
    "gdp_per_capita_ppp": -0.06950529588715589,
    "rule_of_law": -0.005000657246138662,
    "control_of_corruption": -0.00513182840820039,
    "govt_effectiveness": -0.01747657928663513,
    "regulatory_quality": -0.0053661113779417844,
    "political_stability": -0.01209676685457164,
    "voice_accountability": -0.011511034151520516,
    "years_since_default": -0.029510048282312462,
    "default_count_25y": 0.0003919462069313928,
    "debt_chg_5y_pp": 0.00859422634545869,
    "tot_volatility_5y": 0.004266892489698915,
    "reer_overvaluation_pct": 0.0038128112439646976
  },
  "intercept": 0.0,
  "class_balance_log_odds": -2.3149517486312576,
  "scaler": {
    "gross_debt_pct_gdp": {
      "mean": 52.45979255643685,
      "std": 35.471873078491186
    },
    "fiscal_balance_pct_gdp": {
      "mean": -2.19814927801505,
      "std": 6.128069267327565
    },
    "interest_pct_revenue": {
      "mean": 6.479026197399013,
      "std": 5.833616317311248
    },
    "shadow_debt_gap_pp": {
      "mean": 9.271568029286147,
      "std": 3.3277143680117534
    },
    "current_account_pct_gdp": {
      "mean": -0.8612365263371975,
      "std": 12.973476194025286
    },
    "reserves_to_imports_months": {
      "mean": 4.752586607209184,
      "std": 3.8371841971590896
    },
    "short_term_debt_pct_reserves": {
      "mean": 30.67290921354933,
      "std": 60.56947662778477
    },
    "external_debt_pct_gni": {
      "mean": 45.1794879907533,
      "std": 25.894902290751485
    },
    "real_gdp_growth": {
      "mean": 3.3908480780964,
      "std": 4.614534387851399
    },
    "inflation": {
      "mean": 24.265710799267847,
      "std": 975.4240578726423
    },
    "gdp_per_capita_ppp": {
      "mean": 23314.627408582466,
      "std": 24461.801203146464
    },
    "rule_of_law": {
      "mean": 0.04816848802115145,
      "std": 0.8321778169012565
    },
    "control_of_corruption": {
      "mean": 0.02579143870246123,
      "std": 0.8399715783638048
    },
    "govt_effectiveness": {
      "mean": 0.08872357919463117,
      "std": 0.8098349718012433
    },
    "regulatory_quality": {
      "mean": 0.07209154584096023,
      "std": 0.8161760656324162
    },
    "political_stability": {
      "mean": 0.11133210235916238,
      "std": 0.7905503220252542
    },
    "voice_accountability": {
      "mean": 0.07459688103518441,
      "std": 0.8239694364556046
    },
    "years_since_default": {
      "mean": 52.809436648362826,
      "std": 43.881100080695134
    },
    "default_count_25y": {
      "mean": 1.2898108602806588,
      "std": 1.76877465389493
    },
    "debt_chg_5y_pp": {
      "mean": 1.6669513931258897,
      "std": 22.845705172602727
    },
    "tot_volatility_5y": {
      "mean": 0.10984802461117696,
      "std": 0.06361592968953707
    },
    "reer_overvaluation_pct": {
      "mean": 0.3196063279217246,
      "std": 4.673309269297162
    }
  },
  "medians": {
    "gross_debt_pct_gdp": 46.3,
    "fiscal_balance_pct_gdp": -2.5,
    "interest_pct_revenue": 5.41407297462898,
    "shadow_debt_gap_pp": 9.1,
    "current_account_pct_gdp": -1.5,
    "reserves_to_imports_months": 4.1676367510060555,
    "short_term_debt_pct_reserves": 25.071969614961098,
    "external_debt_pct_gni": 41.305984636710704,
    "real_gdp_growth": 3.5,
    "inflation": 3.5,
    "gdp_per_capita_ppp": 15052.708,
    "rule_of_law": -0.0201063,
    "control_of_corruption": -0.0798663999999999,
    "govt_effectiveness": 0.0250833,
    "regulatory_quality": 0.0071335,
    "political_stability": 0.1588848,
    "voice_accountability": 0.09736294999999995,
    "years_since_default": 29.0,
    "default_count_25y": 0.0,
    "debt_chg_5y_pp": 3.0,
    "tot_volatility_5y": 0.09935110516134757,
    "reer_overvaluation_pct": 0.2929846897136823
  },
  "pd_calibration": [
    {
      "bucket": 1,
      "score_lo": 0.0030992380857102434,
      "score_hi": 0.011088710173620273,
      "pd_empirical": 0.0,
      "n_obs": 245,
      "n_events": 0
    },
    {
      "bucket": 2,
      "score_lo": 0.01109339209810091,
      "score_hi": 0.015118811616884014,
      "pd_empirical": 0.0,
      "n_obs": 246,
      "n_events": 0
    },
    {
      "bucket": 3,
      "score_lo": 0.015123508858313938,
      "score_hi": 0.02110759544280174,
      "pd_empirical": 0.0,
      "n_obs": 246,
      "n_events": 0
    },
    {
      "bucket": 4,
      "score_lo": 0.021133703704797974,
      "score_hi": 0.03194135018509339,
      "pd_empirical": 0.0,
      "n_obs": 246,
      "n_events": 0
    },
    {
      "bucket": 5,
      "score_lo": 0.03200591489715565,
      "score_hi": 0.04285025070614734,
      "pd_empirical": 0.0,
      "n_obs": 246,
      "n_events": 0
    },
    {
      "bucket": 6,
      "score_lo": 0.04319548775368495,
      "score_hi": 0.05358987671191323,
      "pd_empirical": 0.0,
      "n_obs": 246,
      "n_events": 0
    },
    {
      "bucket": 7,
      "score_lo": 0.05360535379832077,
      "score_hi": 0.06591145794051467,
      "pd_empirical": 0.0,
      "n_obs": 245,
      "n_events": 0
    },
    {
      "bucket": 8,
      "score_lo": 0.0660412783387383,
      "score_hi": 0.08582164124417621,
      "pd_empirical": 0.0,
      "n_obs": 246,
      "n_events": 0
    },
    {
      "bucket": 9,
      "score_lo": 0.0858475653120135,
      "score_hi": 0.10214581315265303,
      "pd_empirical": 0.012195121951219513,
      "n_obs": 246,
      "n_events": 3
    },
    {
      "bucket": 10,
      "score_lo": 0.10227598787761497,
      "score_hi": 0.13827224588664203,
      "pd_empirical": 0.0,
      "n_obs": 246,
      "n_events": 0
    },
    {
      "bucket": 11,
      "score_lo": 0.13827224588664203,
      "score_hi": 0.1734229092948416,
      "pd_empirical": 0.0,
      "n_obs": 246,
      "n_events": 0
    },
    {
      "bucket": 12,
      "score_lo": 0.1734821351162792,
      "score_hi": 0.21912670049282457,
      "pd_empirical": 0.0,
      "n_obs": 246,
      "n_events": 0
    },
    {
      "bucket": 13,
      "score_lo": 0.219270049035962,
      "score_hi": 0.26314899084888943,
      "pd_empirical": 0.0,
      "n_obs": 246,
      "n_events": 0
    },
    {
      "bucket": 14,
      "score_lo": 0.26315386055228235,
      "score_hi": 0.31307914728533537,
      "pd_empirical": 0.004081632653061225,
      "n_obs": 245,