{
  "estimator": "gbm",
  "horizon_years": 5,
  "feature_importance": {
    "gross_debt_pct_gdp": 0.011171440232808472,
    "fiscal_balance_pct_gdp": 0.001922940353379987,
    "interest_pct_revenue": 0.0015541241317094557,
    "shadow_debt_gap_pp": 2.6377461473736653e-05,
    "current_account_pct_gdp": 0.018675789002159437,
    "reserves_to_imports_months": 0.009462680184205274,
    "short_term_debt_pct_reserves": 0.001941865011389976,
    "external_debt_pct_gni": 0.006557062331190156,
    "real_gdp_growth": 0.0021669318720116126,
    "inflation": 0.0008171940468099548,
    "gdp_per_capita_ppp": 0.061424991630228645,
    "rule_of_law": 0.002363006936960288,
    "control_of_corruption": 0.0013035382477094126,
    "govt_effectiveness": 0.011878324984372579,
    "regulatory_quality": 0.0022480542720172527,
    "political_stability": 0.005452135442801908,
    "voice_accountability": 0.0018875883118191327,
    "years_since_default": 0.024603928368803773,
    "default_count_25y": 0.0002261984381109805,
    "debt_chg_5y_pp": 0.0029756195776953543,
    "tot_volatility_5y": 0.0017859414373532444,
    "reer_overvaluation_pct": 0.0031141402703456444,
    "reserve_currency_share": 0.0002838698701496778
  },
  "coefficients": {
    "gross_debt_pct_gdp": 0.011171440232808472,
    "fiscal_balance_pct_gdp": -0.001922940353379987,
    "interest_pct_revenue": 0.0015541241317094557,
    "shadow_debt_gap_pp": 2.6377461473736653e-05,
    "current_account_pct_gdp": -0.018675789002159437,
    "reserves_to_imports_months": -0.009462680184205274,
    "short_term_debt_pct_reserves": 0.001941865011389976,
    "external_debt_pct_gni": 0.006557062331190156,
    "real_gdp_growth": -0.0021669318720116126,
    "inflation": 0.0008171940468099548,
    "gdp_per_capita_ppp": -0.061424991630228645,
    "rule_of_law": -0.002363006936960288,
    "control_of_corruption": -0.0013035382477094126,
    "govt_effectiveness": -0.011878324984372579,
    "regulatory_quality": -0.0022480542720172527,
    "political_stability": -0.005452135442801908,
    "voice_accountability": -0.0018875883118191327,
    "years_since_default": -0.024603928368803773,
    "default_count_25y": 0.0002261984381109805,
    "debt_chg_5y_pp": 0.0029756195776953543,
    "tot_volatility_5y": 0.0017859414373532444,
    "reer_overvaluation_pct": 0.0031141402703456444,
    "reserve_currency_share": -0.0002838698701496778
  },
  "intercept": 0.0,
  "class_balance_log_odds": -2.03603113490939,
  "scaler": {
    "gross_debt_pct_gdp": {
      "mean": 49.35290796160361,
      "std": 31.997306725512406
    },
    "fiscal_balance_pct_gdp": {
      "mean": -1.8414455110107284,
      "std": 6.370499907875778
    },
    "interest_pct_revenue": {
      "mean": 5.783452611620537,
      "std": 4.366181401762512
    },
    "shadow_debt_gap_pp": {
      "mean": 5.722868435911915,
      "std": 2.1057423175462078
    },
    "current_account_pct_gdp": {
      "mean": 0.8369565217391305,
      "std": 13.667495688851512
    },
    "reserves_to_imports_months": {
      "mean": 4.853247897097599,
      "std": 4.235414501542347
    },
    "short_term_debt_pct_reserves": {
      "mean": 27.46737007815227,
      "std": 17.06106416166251
    },
    "external_debt_pct_gni": {
      "mean": 39.581751329643815,
      "std": 18.43594524145446
    },
    "real_gdp_growth": {
      "mean": 3.339073969508752,
      "std": 4.464161856332161
    },
    "inflation": {
      "mean": 4.270073404856013,
      "std": 4.839646342900245
    },
    "gdp_per_capita_ppp": {
      "mean": 29384.177702428005,
      "std": 26092.702947203095
    },
    "rule_of_law": {
      "mean": 0.548300868210051,
      "std": 0.7130685289947112
    },
    "control_of_corruption": {
      "mean": 0.48050611787125935,
      "std": 0.759045187350011
    },
    "govt_effectiveness": {
      "mean": 0.5246175500564654,
      "std": 0.7028040914282081
    },
    "regulatory_quality": {
      "mean": 0.5713535931677021,
      "std": 0.7098069307066114
    },
    "political_stability": {
      "mean": 0.5406111945793337,
      "std": 0.6502168341970128
    },
    "voice_accountability": {
      "mean": 0.5098911040372672,
      "std": 0.7272720249022432
    },
    "years_since_default": {
      "mean": 68.77639751552795,
      "std": 41.57021432078796
    },
    "default_count_25y": {
      "mean": 0.8063241106719368,
      "std": 1.5076888825981798
    },
    "debt_chg_5y_pp": {
      "mean": 2.3023997741389044,
      "std": 14.725822085440257
    },
    "tot_volatility_5y": {
      "mean": 0.10574853688677388,
      "std": 0.06486049170789113
    },
    "reer_overvaluation_pct": {
      "mean": 0.5373741196242411,
      "std": 5.105859322535535
    },
    "reserve_currency_share": {
      "mean": 3.1410502540937317,
      "std": 8.138122297944697
    }
  },
  "medians": {
    "gross_debt_pct_gdp": 43.8,
    "fiscal_balance_pct_gdp": -2.3,
    "interest_pct_revenue": 4.95387039532298,
    "shadow_debt_gap_pp": 5.6,
    "current_account_pct_gdp": -0.4,
    "reserves_to_imports_months": 4.21712222634877,
    "short_term_debt_pct_reserves": 25.320263174128947,
    "external_debt_pct_gni": 37.19063672863745,
    "real_gdp_growth": 3.3,
    "inflation": 3.1,
    "gdp_per_capita_ppp": 22671.7395,
    "rule_of_law": 0.61564145,
    "control_of_corruption": 0.4780849,
    "govt_effectiveness": 0.511363,
    "regulatory_quality": 0.6299601,
    "political_stability": 0.7006186999999999,
    "voice_accountability": 0.6136436,
    "years_since_default": 100.0,
    "default_count_25y": 0.0,
    "debt_chg_5y_pp": 2.5999999999999996,
    "tot_volatility_5y": 0.09462930331108518,
    "reer_overvaluation_pct": 0.4418974417771948,
    "reserve_currency_share": 0.0
  },
  "pd_calibration": [
    {
      "bucket": 1,
      "score_lo": 0.0014325461866704567,
      "score_hi": 0.004855642004152551,
      "pd_empirical": 0.0,
      "n_obs": 177,
      "n_events": 0
    },
    {
      "bucket": 2,
      "score_lo": 0.00485680237740856,
      "score_hi": 0.0068760314960671365,
      "pd_empirical": 0.0,
      "n_obs": 177,
      "n_events": 0
    },
    {
      "bucket": 3,
      "score_lo": 0.0068968577219736555,
      "score_hi": 0.008926238771608917,
      "pd_empirical": 0.0,
      "n_obs": 177,
      "n_events": 0
    },
    {
      "bucket": 4,
      "score_lo": 0.008929167221820675,
      "score_hi": 0.011380979737798485,
      "pd_empirical": 0.0,
      "n_obs": 177,
      "n_events": 0
    },
    {
      "bucket": 5,
      "score_lo": 0.011382030004132494,
      "score_hi": 0.016213300409730586,
      "pd_empirical": 0.0,
      "n_obs": 177,
      "n_events": 0
    },
    {
      "bucket": 6,
      "score_lo": 0.016231675753172328,
      "score_hi": 0.024749425649936804,
      "pd_empirical": 0.0,
      "n_obs": 177,
      "n_events": 0
    },
    {
      "bucket": 7,
      "score_lo": 0.024755090309080987,
      "score_hi": 0.033975165258722885,
      "pd_empirical": 0.0,
      "n_obs": 177,
      "n_events": 0
    },
    {
      "bucket": 8,
      "score_lo": 0.03408707018682943,
      "score_hi": 0.04188817017495583,
      "pd_empirical": 0.0,
      "n_obs": 177,
      "n_events": 0
    },
    {
      "bucket": 9,
      "score_lo": 0.041976302043415965,
      "score_hi": 0.05093105622309776,
      "pd_empirical": 0.0,
      "n_obs": 177,
      "n_events": 0
    },
    {
      "bucket": 10,
      "score_lo": 0.05093105622309776,
      "score_hi": 0.0639264785072098,
      "pd_empirical": 0.0,
      "n_obs": 178,
      "n_events": 0
    },
    {
      "bucket": 11,
      "score_lo": 0.0640651001687553,
      "score_hi": 0.08089463157339974,
      "pd_empirical": 0.0,
      "n_obs": 177,
      "n_events": 0
    },
    {
      "bucket": 12,
      "score_lo": 0.08091230237959667,
      "score_hi": 0.11114307168764521,
      "pd_empirical": 0.0,
      "n_obs": 177,
      "n_events": 0
    },
    {
      "bucket": 13,
      "score_lo": 0.11118401354878277,
      "score_hi": 0.13521412615039413,