{
  "estimator": "gbm",
  "horizon_years": 5,
  "feature_importance": {
    "gross_debt_pct_gdp": 0.008950934019667622,
    "fiscal_balance_pct_gdp": 0.0017953842564014445,
    "interest_pct_revenue": 0.0014106088901410297,
    "shadow_debt_gap_pp": 1.037929697048634e-05,
    "current_account_pct_gdp": 0.006474886393522139,
    "reserves_to_imports_months": 0.006101856021201923,
    "short_term_debt_pct_reserves": 0.0023562564919381137,
    "external_debt_pct_gni": 0.004129711556996085,
    "real_gdp_growth": 0.002154484519629807,
    "inflation": 0.0010412463896825707,
    "gdp_per_capita_ppp": 0.04265692053282476,
    "rule_of_law": 0.0018290584416851719,
    "control_of_corruption": 0.001394454645984078,
    "govt_effectiveness": 0.009707881320152989,
    "regulatory_quality": 0.002084404755122793,
    "political_stability": 0.003313493008021762,
    "voice_accountability": 0.002843342071192656,
    "years_since_default": 0.013722562172379082,
    "default_count_25y": 0.00026381363465035614,
    "debt_chg_5y_pp": 0.0014713238754266444,
    "tot_volatility_5y": 0.0010457726996395689,
    "reer_overvaluation_pct": 0.0013900844156807478,
    "reserve_currency_share": 0.0008287829610964081,
    "vix_annual": 0.0006517105939846002,
    "region_default_rate": 0.010808672097718398,
    "external_liquidity_ratio": 0.0016722374096396543
  },
  "coefficients": {
    "gross_debt_pct_gdp": 0.008950934019667622,
    "fiscal_balance_pct_gdp": -0.0017953842564014445,
    "interest_pct_revenue": 0.0014106088901410297,
    "shadow_debt_gap_pp": 1.037929697048634e-05,
    "current_account_pct_gdp": -0.006474886393522139,
    "reserves_to_imports_months": -0.006101856021201923,
    "short_term_debt_pct_reserves": 0.0023562564919381137,
    "external_debt_pct_gni": 0.004129711556996085,
    "real_gdp_growth": -0.002154484519629807,
    "inflation": 0.0010412463896825707,
    "gdp_per_capita_ppp": -0.04265692053282476,
    "rule_of_law": -0.0018290584416851719,
    "control_of_corruption": -0.001394454645984078,
    "govt_effectiveness": -0.009707881320152989,
    "regulatory_quality": -0.002084404755122793,
    "political_stability": -0.003313493008021762,
    "voice_accountability": -0.002843342071192656,
    "years_since_default": -0.013722562172379082,
    "default_count_25y": 0.00026381363465035614,
    "debt_chg_5y_pp": 0.0014713238754266444,
    "tot_volatility_5y": 0.0010457726996395689,
    "reer_overvaluation_pct": 0.0013900844156807478,
    "reserve_currency_share": -0.0008287829610964081,
    "vix_annual": 0.0006517105939846002,
    "region_default_rate": 0.010808672097718398,
    "external_liquidity_ratio": 0.0016722374096396543
  },
  "intercept": 0.0,
  "class_balance_log_odds": -2.03603113490939,
  "scaler": {
    "gross_debt_pct_gdp": {
      "mean": 49.35290796160361,
      "std": 31.997306725512406
    },
    "fiscal_balance_pct_gdp": {
      "mean": -1.8414455110107284,
      "std": 6.370499907875778
    },
    "interest_pct_revenue": {
      "mean": 5.783452611620537,
      "std": 4.366181401762512
    },
    "shadow_debt_gap_pp": {
      "mean": 5.722868435911915,
      "std": 2.1057423175462078
    },
    "current_account_pct_gdp": {
      "mean": 0.8369565217391305,
      "std": 13.667495688851512
    },
    "reserves_to_imports_months": {
      "mean": 4.853247897097599,
      "std": 4.235414501542347
    },
    "short_term_debt_pct_reserves": {
      "mean": 27.46737007815227,
      "std": 17.06106416166251
    },
    "external_debt_pct_gni": {
      "mean": 39.581751329643815,
      "std": 18.43594524145446
    },
    "real_gdp_growth": {
      "mean": 3.339073969508752,
      "std": 4.464161856332161
    },
    "inflation": {
      "mean": 4.270073404856013,
      "std": 4.839646342900245
    },
    "gdp_per_capita_ppp": {
      "mean": 29384.177702428005,
      "std": 26092.702947203095
    },
    "rule_of_law": {
      "mean": 0.548300868210051,
      "std": 0.7130685289947112
    },
    "control_of_corruption": {
      "mean": 0.48050611787125935,
      "std": 0.759045187350011
    },
    "govt_effectiveness": {
      "mean": 0.5246175500564654,
      "std": 0.7028040914282081
    },
    "regulatory_quality": {
      "mean": 0.5713535931677021,
      "std": 0.7098069307066114
    },
    "political_stability": {
      "mean": 0.5406111945793337,
      "std": 0.6502168341970128
    },
    "voice_accountability": {
      "mean": 0.5098911040372672,
      "std": 0.7272720249022432
    },
    "years_since_default": {
      "mean": 68.77639751552795,
      "std": 41.57021432078796
    },
    "default_count_25y": {
      "mean": 0.8063241106719368,
      "std": 1.5076888825981798
    },
    "debt_chg_5y_pp": {
      "mean": 2.3023997741389044,
      "std": 14.725822085440257
    },
    "tot_volatility_5y": {
      "mean": 0.10574853688677388,
      "std": 0.06486049170789113
    },
    "reer_overvaluation_pct": {
      "mean": 0.5373741196242411,
      "std": 5.105859322535535
    },
    "reserve_currency_share": {
      "mean": 3.1410502540937317,
      "std": 8.138122297944697
    },
    "vix_annual": {
      "mean": 19.715584557994628,
      "std": 5.874084559409069
    },
    "region_default_rate": {
      "mean": 0.25508378621483896,
      "std": 0.2214012675463233
    },
    "external_liquidity_ratio": {
      "mean": 17.94230366175126,
      "std": 44.223347307773594
    }
  },
  "medians": {
    "gross_debt_pct_gdp": 43.8,
    "fiscal_balance_pct_gdp": -2.3,
    "interest_pct_revenue": 4.95387039532298,
    "shadow_debt_gap_pp": 5.6,
    "current_account_pct_gdp": -0.4,
    "reserves_to_imports_months": 4.21712222634877,
    "short_term_debt_pct_reserves": 25.320263174128947,
    "external_debt_pct_gni": 37.19063672863745,
    "real_gdp_growth": 3.3,
    "inflation": 3.1,
    "gdp_per_capita_ppp": 22671.7395,
    "rule_of_law": 0.61564145,
    "control_of_corruption": 0.4780849,
    "govt_effectiveness": 0.511363,
    "regulatory_quality": 0.6299601,
    "political_stability": 0.7006186999999999,
    "voice_accountability": 0.6136436,
    "years_since_default": 100.0,
    "default_count_25y": 0.0,
    "debt_chg_5y_pp": 2.5999999999999996,
    "tot_volatility_5y": 0.09462930331108518,
    "reer_overvaluation_pct": 0.4418974417771948,
    "reserve_currency_share": 0.0,
    "vix_annual": 17.667408098501987,
    "region_default_rate": 0.22727272727272727,
    "external_liquidity_ratio": 1.6311347954422513
  },
  "pd_calibration": [
    {
      "bucket": 1,
      "score_lo": 0.0012475843213082508,
      "score_hi": 0.00483278431767894,
      "pd_empirical": 0.0,
      "n_obs": 177,
      "n_events": 0
    },
    {
      "bucket": 2,
      "score_lo": 0.004841708039119883,
      "score_hi": 0.006808295417324433,
      "pd_empirical": 0.0,
      "n_obs": 177,
      "n_events": 0
    },
    {
      "bucket": 3,
      "score_lo": 0.006810787409778016,
      "score_hi": 0.00884850897989161,
      "pd_empirical": 0.0,
      "n_obs": 177,
      "n_events": 0
    },
    {
      "bucket": 4,
      "score_lo": 0.008855314555049431,
      "score_hi": 0.011066608776994237,
      "pd_empirical": 0.0,
      "n_obs": 177,
      "n_events": 0
    },
    {
      "bucket": 5,
      "score_lo": 0.011073530866484178,
      "score_hi": 0.015194134214670143,
      "pd_empirical": 0.0,
      "n_obs": 177,
      "n_events": 0
    },
    {
      "bucket": 6,
      "score_lo": 0.015222753512977015,
      "score_hi": 0.020765815280721047,
      "pd_empirical": 0.0,
      "n_obs": 177,
      "n_events": 0
    },
    {
      "bucket": 7,
      "score_lo": 0.020794405440158103,
      "score_hi": 0.02750642406837941,
      "pd_empirical": 0.0,
      "n_obs": 177,
      "n_events": 0
    },
    {
      "bucket": 8,
      "score_lo": 0.027528998133138867,
      "score_hi": 0.03271548711288816,
      "pd_empirical": 0.0,
      "n_obs": 177,
      "n_events": 0
    },
    {
      "bucket": 9,
      "score_lo": 0.03274656389200647,
      "score_hi": 0.039424159455537185,