{
  "estimator": "gbm",
  "horizon_years": 1,
  "feature_importance": {
    "gross_debt_pct_gdp": 0.0025324384590105554,
    "fiscal_balance_pct_gdp": 0.003899672913583485,
    "interest_pct_revenue": 0.0005075022551979891,
    "current_account_pct_gdp": 0.00505627518488212,
    "reserves_to_imports_months": 0.003136103679556823,
    "short_term_debt_pct_reserves": 0.0025311151154507106,
    "external_debt_pct_gni": 0.0023063672675381784,
    "external_liquidity_ratio": 0.004126626334095751,
    "real_gdp_growth": 0.0027479229020042294,
    "inflation": 0.003830859048471891,
    "gdp_per_capita_ppp_log": 0.014875925513402144,
    "rule_of_law": 0.0013401059115962343,
    "govt_effectiveness": 0.0025860338731839793,
    "political_stability": 0.004002011482210921,
    "control_of_corruption": 0.0021647695066354332,
    "years_since_default": 0.009611444275105463,
    "debt_chg_5y_pp": 0.0008742889785331442,
    "fiscal_balance_chg_3y": 0.003172054512932387,
    "reserves_chg_1y_pp": 0.0027146187557482325,
    "tot_volatility_5y": 0.002229613341067549,
    "reserve_currency_share": 0.0005520548217125554,
    "region_default_rate": 0.008568539271322928,
    "vix_annual": 0.0006775519026372412,
    "years_since_banking_crisis": 0.0019009830237076697,
    "imf_program_status": 0.00011799813408556182,
    "fx_debt_share": 0.001732036162568329
  },
  "coefficients": {
    "gross_debt_pct_gdp": 0.0025324384590105554,
    "fiscal_balance_pct_gdp": -0.003899672913583485,
    "interest_pct_revenue": 0.0005075022551979891,
    "current_account_pct_gdp": -0.00505627518488212,
    "reserves_to_imports_months": -0.003136103679556823,
    "short_term_debt_pct_reserves": 0.0025311151154507106,
    "external_debt_pct_gni": 0.0023063672675381784,
    "external_liquidity_ratio": 0.004126626334095751,
    "real_gdp_growth": -0.0027479229020042294,
    "inflation": 0.003830859048471891,
    "gdp_per_capita_ppp_log": -0.014875925513402144,
    "rule_of_law": -0.0013401059115962343,
    "govt_effectiveness": -0.0025860338731839793,
    "political_stability": -0.004002011482210921,
    "control_of_corruption": -0.0021647695066354332,
    "years_since_default": -0.009611444275105463,
    "debt_chg_5y_pp": 0.0008742889785331442,
    "fiscal_balance_chg_3y": -0.003172054512932387,
    "reserves_chg_1y_pp": -0.0027146187557482325,
    "tot_volatility_5y": 0.002229613341067549,
    "reserve_currency_share": -0.0005520548217125554,
    "region_default_rate": 0.008568539271322928,
    "vix_annual": 0.0006775519026372412,
    "years_since_banking_crisis": -0.0019009830237076697,
    "imf_program_status": 0.00011799813408556182,
    "fx_debt_share": 0.001732036162568329
  },
  "intercept": 0.0,
  "class_balance_log_odds": -3.2438251439161494,
  "scaler": {
    "gross_debt_pct_gdp": {
      "mean": 49.35290796160361,
      "std": 31.997306725512406
    },
    "fiscal_balance_pct_gdp": {
      "mean": -1.8414455110107284,
      "std": 6.370499907875778
    },
    "interest_pct_revenue": {
      "mean": 5.783452611620537,
      "std": 4.366181401762512
    },
    "current_account_pct_gdp": {
      "mean": 0.8369565217391305,
      "std": 13.667495688851512
    },
    "reserves_to_imports_months": {
      "mean": 4.853247897097599,
      "std": 4.235414501542347
    },
    "short_term_debt_pct_reserves": {
      "mean": 27.46737007815227,
      "std": 17.06106416166251
    },
    "external_debt_pct_gni": {
      "mean": 39.581751329643815,
      "std": 18.43594524145446
    },
    "external_liquidity_ratio": {
      "mean": 17.94230366175126,
      "std": 44.223347307773594
    },
    "real_gdp_growth": {
      "mean": 3.339073969508752,
      "std": 4.464161856332161
    },
    "inflation": {
      "mean": 4.270073404856013,
      "std": 4.839646342900245
    },
    "gdp_per_capita_ppp_log": {
      "mean": 9.867178806511905,
      "std": 1.0078419224297888
    },
    "rule_of_law": {
      "mean": 0.548300868210051,
      "std": 0.7130685289947112
    },
    "govt_effectiveness": {
      "mean": 0.5246175500564654,
      "std": 0.7028040914282081
    },
    "political_stability": {
      "mean": 0.5406111945793337,
      "std": 0.6502168341970128
    },
    "control_of_corruption": {
      "mean": 0.48050611787125935,
      "std": 0.759045187350011
    },
    "years_since_default": {
      "mean": 68.77639751552795,
      "std": 41.57021432078796
    },
    "debt_chg_5y_pp": {
      "mean": 2.3023997741389044,
      "std": 14.725822085440257
    },
    "fiscal_balance_chg_3y": {
      "mean": -0.15135516657255788,
      "std": 5.9519200752917545
    },
    "reserves_chg_1y_pp": {
      "mean": 0.018545246139678253,
      "std": 1.4557147833226645
    },
    "tot_volatility_5y": {
      "mean": 0.10574853688677388,
      "std": 0.06486049170789113
    },
    "reserve_currency_share": {
      "mean": 3.1410502540937317,
      "std": 8.138122297944697
    },
    "region_default_rate": {
      "mean": 0.25508378621483896,
      "std": 0.2214012675463233
    },
    "vix_annual": {
      "mean": 19.715584557994628,
      "std": 5.874084559409069
    },
    "years_since_banking_crisis": {
      "mean": 21.526821005081874,
      "std": 6.612247457355982
    },
    "imf_program_status": {
      "mean": 0.09260304912478826,
      "std": 0.3239591112431126
    },
    "fx_debt_share": {
      "mean": 8.878317334839075,
      "std": 18.223052817460356
    }
  },
  "medians": {
    "gross_debt_pct_gdp": 43.8,
    "fiscal_balance_pct_gdp": -2.3,
    "interest_pct_revenue": 4.95387039532298,
    "current_account_pct_gdp": -0.4,
    "reserves_to_imports_months": 4.21712222634877,
    "short_term_debt_pct_reserves": 25.320263174128947,
    "external_debt_pct_gni": 37.19063672863745,
    "external_liquidity_ratio": 1.6311347954422513,
    "real_gdp_growth": 3.3,
    "inflation": 3.1,
    "gdp_per_capita_ppp_log": 10.028874470849477,
    "rule_of_law": 0.61564145,
    "govt_effectiveness": 0.511363,
    "political_stability": 0.7006186999999999,
    "control_of_corruption": 0.4780849,
    "years_since_default": 100.0,
    "debt_chg_5y_pp": 2.5999999999999996,
    "fiscal_balance_chg_3y": 0.1499999999999999,
    "reserves_chg_1y_pp": -0.0025492360852394924,
    "tot_volatility_5y": 0.09462930331108518,
    "reserve_currency_share": 0.0,
    "region_default_rate": 0.22727272727272727,
    "vix_annual": 17.667408098501987,
    "years_since_banking_crisis": 25.0,
    "imf_program_status": 0.0,
    "fx_debt_share": 0.0
  },
  "pd_calibration": [
    {
      "bucket": 1,
      "score_lo": 0.0024057158468263886,
      "score_hi": 0.006240585657134283,
      "pd_empirical": 0.0,
      "n_obs": 177,
      "n_events": 0
    },
    {
      "bucket": 2,
      "score_lo": 0.006260773794110658,
      "score_hi": 0.008209914616758638,
      "pd_empirical": 0.0,
      "n_obs": 177,
      "n_events": 0
    },
    {
      "bucket": 3,
      "score_lo": 0.008210940351750842,
      "score_hi": 0.010079511542391846,
      "pd_empirical": 0.0,
      "n_obs": 177,
      "n_events": 0
    },
    {
      "bucket": 4,
      "score_lo": 0.010087155520232064,
      "score_hi": 0.012407720020936845,
      "pd_empirical": 0.0,
      "n_obs": 177,
      "n_events": 0
    },
    {
      "bucket": 5,
      "score_lo": 0.012409414307814398,
      "score_hi": 0.015899500451194776,
      "pd_empirical": 0.0,
      "n_obs": 177,
      "n_events": 0
    },
    {
      "bucket": 6,
      "score_lo": 0.0159285138045776,
      "score_hi": 0.020109078705539483,
      "pd_empirical": 0.0,
      "n_obs": 177,
      "n_events": 0
    },
    {
      "bucket": 7,
      "score_lo": 0.020186486285649584,
      "score_hi": 0.023526393846027203,
      "pd_empirical": 0.0,
      "n_obs": 177,
      "n_events": 0
    },
    {
      "bucket": 8,
      "score_lo": 0.023534828607954614,
      "score_hi": 0.027125496667976846,
      "pd_empirical": 0.0,
      "n_obs": 177,
      "n_events": 0
    },
    {
      "bucket": 9,