{
  "estimator": "gbm",
  "horizon_years": 5,
  "feature_importance": {
    "gross_debt_pct_gdp": 0.0135671458572168,
    "fiscal_balance_pct_gdp": 0.0014371424312684122,
    "interest_pct_revenue": 0.003136498680736799,
    "current_account_pct_gdp": 0.006750757181420053,
    "reserves_to_imports_months": 0.005849006982223348,
    "short_term_debt_pct_reserves": 0.0025464395499599666,
    "external_debt_pct_gni": 0.005207207446248174,
    "external_liquidity_ratio": 0.0019735882010025853,
    "real_gdp_growth": 0.003113437911904027,
    "inflation": 0.001078081187953528,
    "gdp_per_capita_ppp": 0.039932238018350344,
    "rule_of_law": 0.0017011121455724476,
    "govt_effectiveness": 0.011296381995587667,
    "political_stability": 0.005083163141477687,
    "control_of_corruption": 0.002007925724814452,
    "years_since_default": 0.016105352205444533,
    "debt_chg_5y_pp": 0.0016227601594198337,
    "fiscal_balance_chg_3y": 0.001865229901427956,
    "tot_volatility_5y": 0.001969413070266346,
    "reserve_currency_share": 0.0007900752069811889,
    "region_default_rate": 0.012158214823352997,
    "vix_annual": 0.0006582269195261614
  },
  "coefficients": {
    "gross_debt_pct_gdp": 0.0135671458572168,
    "fiscal_balance_pct_gdp": -0.0014371424312684122,
    "interest_pct_revenue": 0.003136498680736799,
    "current_account_pct_gdp": -0.006750757181420053,
    "reserves_to_imports_months": -0.005849006982223348,
    "short_term_debt_pct_reserves": 0.0025464395499599666,
    "external_debt_pct_gni": 0.005207207446248174,
    "external_liquidity_ratio": 0.0019735882010025853,
    "real_gdp_growth": -0.003113437911904027,
    "inflation": 0.001078081187953528,
    "gdp_per_capita_ppp": -0.039932238018350344,
    "rule_of_law": -0.0017011121455724476,
    "govt_effectiveness": -0.011296381995587667,
    "political_stability": -0.005083163141477687,
    "control_of_corruption": -0.002007925724814452,
    "years_since_default": -0.016105352205444533,
    "debt_chg_5y_pp": 0.0016227601594198337,
    "fiscal_balance_chg_3y": -0.001865229901427956,
    "tot_volatility_5y": 0.001969413070266346,
    "reserve_currency_share": -0.0007900752069811889,
    "region_default_rate": 0.012158214823352997,
    "vix_annual": 0.0006582269195261614
  },
  "intercept": 0.0,
  "class_balance_log_odds": -2.03603113490939,
  "scaler": {
    "gross_debt_pct_gdp": {
      "mean": 49.35290796160361,
      "std": 31.997306725512406
    },
    "fiscal_balance_pct_gdp": {
      "mean": -1.8414455110107284,
      "std": 6.370499907875778
    },
    "interest_pct_revenue": {
      "mean": 5.783452611620537,
      "std": 4.366181401762512
    },
    "current_account_pct_gdp": {
      "mean": 0.8369565217391305,
      "std": 13.667495688851512
    },
    "reserves_to_imports_months": {
      "mean": 4.853247897097599,
      "std": 4.235414501542347
    },
    "short_term_debt_pct_reserves": {
      "mean": 27.46737007815227,
      "std": 17.06106416166251
    },
    "external_debt_pct_gni": {
      "mean": 39.581751329643815,
      "std": 18.43594524145446
    },
    "external_liquidity_ratio": {
      "mean": 17.94230366175126,
      "std": 44.223347307773594
    },
    "real_gdp_growth": {
      "mean": 3.339073969508752,
      "std": 4.464161856332161
    },
    "inflation": {
      "mean": 4.270073404856013,
      "std": 4.839646342900245
    },
    "gdp_per_capita_ppp": {
      "mean": 29384.177702428005,
      "std": 26092.702947203095
    },
    "rule_of_law": {
      "mean": 0.548300868210051,
      "std": 0.7130685289947112
    },
    "govt_effectiveness": {
      "mean": 0.5246175500564654,
      "std": 0.7028040914282081
    },
    "political_stability": {
      "mean": 0.5406111945793337,
      "std": 0.6502168341970128
    },
    "control_of_corruption": {
      "mean": 0.48050611787125935,
      "std": 0.759045187350011
    },
    "years_since_default": {
      "mean": 68.77639751552795,
      "std": 41.57021432078796
    },
    "debt_chg_5y_pp": {
      "mean": 2.3023997741389044,
      "std": 14.725822085440257
    },
    "fiscal_balance_chg_3y": {
      "mean": -0.15135516657255788,
      "std": 5.9519200752917545
    },
    "tot_volatility_5y": {
      "mean": 0.10574853688677388,
      "std": 0.06486049170789113
    },
    "reserve_currency_share": {
      "mean": 3.1410502540937317,
      "std": 8.138122297944697
    },
    "region_default_rate": {
      "mean": 0.25508378621483896,
      "std": 0.2214012675463233
    },
    "vix_annual": {
      "mean": 19.715584557994628,
      "std": 5.874084559409069
    }
  },
  "medians": {
    "gross_debt_pct_gdp": 43.8,
    "fiscal_balance_pct_gdp": -2.3,
    "interest_pct_revenue": 4.95387039532298,
    "current_account_pct_gdp": -0.4,
    "reserves_to_imports_months": 4.21712222634877,
    "short_term_debt_pct_reserves": 25.320263174128947,
    "external_debt_pct_gni": 37.19063672863745,
    "external_liquidity_ratio": 1.6311347954422513,
    "real_gdp_growth": 3.3,
    "inflation": 3.1,
    "gdp_per_capita_ppp": 22671.7395,
    "rule_of_law": 0.61564145,
    "govt_effectiveness": 0.511363,
    "political_stability": 0.7006186999999999,
    "control_of_corruption": 0.4780849,
    "years_since_default": 100.0,
    "debt_chg_5y_pp": 2.5999999999999996,
    "fiscal_balance_chg_3y": 0.1499999999999999,
    "tot_volatility_5y": 0.09462930331108518,
    "reserve_currency_share": 0.0,
    "region_default_rate": 0.22727272727272727,
    "vix_annual": 17.667408098501987
  },
  "pd_calibration": [
    {
      "bucket": 1,
      "score_lo": 0.0014775659213263018,
      "score_hi": 0.004489651222268169,
      "pd_empirical": 0.0,
      "n_obs": 177,
      "n_events": 0
    },
    {
      "bucket": 2,
      "score_lo": 0.004494645285523161,
      "score_hi": 0.006567031965500877,
      "pd_empirical": 0.0,
      "n_obs": 177,
      "n_events": 0
    },
    {
      "bucket": 3,
      "score_lo": 0.006569144994764161,
      "score_hi": 0.00855773587933908,
      "pd_empirical": 0.0,
      "n_obs": 177,
      "n_events": 0
    },
    {
      "bucket": 4,
      "score_lo": 0.008572909620933263,
      "score_hi": 0.010718777720448441,
      "pd_empirical": 0.0,
      "n_obs": 177,
      "n_events": 0
    },
    {
      "bucket": 5,
      "score_lo": 0.010745854075283478,
      "score_hi": 0.013881826724644582,
      "pd_empirical": 0.0,
      "n_obs": 177,
      "n_events": 0
    },
    {
      "bucket": 6,
      "score_lo": 0.013887633702983548,
      "score_hi": 0.018191354282567067,
      "pd_empirical": 0.0,
      "n_obs": 177,
      "n_events": 0
    },
    {
      "bucket": 7,
      "score_lo": 0.018192842903929227,
      "score_hi": 0.02545417187893324,
      "pd_empirical": 0.0,
      "n_obs": 177,
      "n_events": 0
    },
    {
      "bucket": 8,
      "score_lo": 0.025474126035495984,
      "score_hi": 0.03097298532215024,
      "pd_empirical": 0.0,
      "n_obs": 177,
      "n_events": 0
    },
    {
      "bucket": 9,
      "score_lo": 0.03100178665784202,
      "score_hi": 0.03797743766106362,
      "pd_empirical": 0.0,
      "n_obs": 177,
      "n_events": 0
    },
    {
      "bucket": 10,
      "score_lo": 0.038001348755115044,
      "score_hi": 0.04809411357043469,
      "pd_empirical": 0.0,
      "n_obs": 178,
      "n_events": 0
    },
    {
      "bucket": 11,
      "score_lo": 0.04811323243129665,
      "score_hi": 0.05566628914328806,
      "pd_empirical": 0.0,
      "n_obs": 177,
      "n_events": 0
    },
    {
      "bucket": 12,
      "score_lo": 0.05568514187012245,
      "score_hi": 0.0718136014173894,
      "pd_empirical": 0.0,
      "n_obs": 177,
      "n_events": 0
    },
    {
      "bucket": 13,
      "score_lo": 0.07182294111735277,
      "score_hi": 0.10574618226528078,
      "pd_empirical": 0.0,
      "n_obs": 177,
      "n_events": 0
    },
    {
      "bucket": 14,
      "score_lo": 0.10605303552981107,
      "score_hi": 0.15696940369582366,
      "pd_empirical": 0.0,
      "n_obs": 177,