{
  "estimator": "gbm",
  "horizon_years": 3,
  "feature_importance": {
    "gross_debt_pct_gdp": 0.008518617760813007,
    "fiscal_balance_pct_gdp": 0.0068245152809727205,
    "interest_pct_revenue": 0.005248388483025368,
    "shadow_debt_gap_pp": 0.000685280214363404,
    "current_account_pct_gdp": 0.021161202254859846,
    "reserves_to_imports_months": 0.018514396218306785,
    "short_term_debt_pct_reserves": 0.00720554109052306,
    "external_debt_pct_gni": 0.009993402259915596,
    "real_gdp_growth": 0.0077499936803255955,
    "inflation": 0.007250511893627265,
    "gdp_per_capita_ppp": 0.05845663439419603,
    "rule_of_law": 0.004918577314896766,
    "control_of_corruption": 0.005850527060845845,
    "govt_effectiveness": 0.015562830202987942,
    "regulatory_quality": 0.008577592962410596,
    "political_stability": 0.015649536135898257,
    "voice_accountability": 0.012057205692762685,
    "years_since_default": 0.03205667484011225,
    "default_count_25y": 0.00037928157941303776,
    "debt_chg_5y_pp": 0.011268105867185718
  },
  "coefficients": {
    "gross_debt_pct_gdp": 0.008518617760813007,
    "fiscal_balance_pct_gdp": -0.0068245152809727205,
    "interest_pct_revenue": 0.005248388483025368,
    "shadow_debt_gap_pp": 0.000685280214363404,
    "current_account_pct_gdp": -0.021161202254859846,
    "reserves_to_imports_months": -0.018514396218306785,
    "short_term_debt_pct_reserves": 0.00720554109052306,
    "external_debt_pct_gni": 0.009993402259915596,
    "real_gdp_growth": -0.0077499936803255955,
    "inflation": 0.007250511893627265,
    "gdp_per_capita_ppp": -0.05845663439419603,
    "rule_of_law": -0.004918577314896766,
    "control_of_corruption": -0.005850527060845845,
    "govt_effectiveness": -0.015562830202987942,
    "regulatory_quality": -0.008577592962410596,
    "political_stability": -0.015649536135898257,
    "voice_accountability": -0.012057205692762685,
    "years_since_default": -0.03205667484011225,
    "default_count_25y": 0.00037928157941303776,
    "debt_chg_5y_pp": 0.011268105867185718
  },
  "intercept": 0.0,
  "class_balance_log_odds": -2.3149517486312576,
  "scaler": {
    "gross_debt_pct_gdp": {
      "mean": 52.45979255643685,
      "std": 35.471873078491186
    },
    "fiscal_balance_pct_gdp": {
      "mean": -2.19814927801505,
      "std": 6.128069267327565
    },
    "interest_pct_revenue": {
      "mean": 6.479026197399013,
      "std": 5.833616317311248
    },
    "shadow_debt_gap_pp": {
      "mean": 9.271568029286147,
      "std": 3.3277143680117534
    },
    "current_account_pct_gdp": {
      "mean": -0.8612365263371975,
      "std": 12.973476194025286
    },
    "reserves_to_imports_months": {
      "mean": 4.752586607209184,
      "std": 3.8371841971590896
    },
    "short_term_debt_pct_reserves": {
      "mean": 30.67290921354933,
      "std": 60.56947662778477
    },
    "external_debt_pct_gni": {
      "mean": 45.1794879907533,
      "std": 25.894902290751485
    },
    "real_gdp_growth": {
      "mean": 3.3908480780964,
      "std": 4.614534387851399
    },
    "inflation": {
      "mean": 24.265710799267847,
      "std": 975.4240578726423
    },
    "gdp_per_capita_ppp": {
      "mean": 23314.627408582466,
      "std": 24461.801203146464
    },
    "rule_of_law": {
      "mean": 0.04816848802115145,
      "std": 0.8321778169012565
    },
    "control_of_corruption": {
      "mean": 0.02579143870246123,
      "std": 0.8399715783638048
    },
    "govt_effectiveness": {
      "mean": 0.08872357919463117,
      "std": 0.8098349718012433
    },
    "regulatory_quality": {
      "mean": 0.07209154584096023,
      "std": 0.8161760656324162
    },
    "political_stability": {
      "mean": 0.11133210235916238,
      "std": 0.7905503220252542
    },
    "voice_accountability": {
      "mean": 0.07459688103518441,
      "std": 0.8239694364556046
    },
    "years_since_default": {
      "mean": 52.809436648362826,
      "std": 43.881100080695134
    },
    "default_count_25y": {
      "mean": 1.2898108602806588,
      "std": 1.76877465389493
    },
    "debt_chg_5y_pp": {
      "mean": 1.6669513931258897,
      "std": 22.845705172602727
    }
  },
  "medians": {
    "gross_debt_pct_gdp": 46.3,
    "fiscal_balance_pct_gdp": -2.5,
    "interest_pct_revenue": 5.41407297462898,
    "shadow_debt_gap_pp": 9.1,
    "current_account_pct_gdp": -1.5,
    "reserves_to_imports_months": 4.1676367510060555,
    "short_term_debt_pct_reserves": 25.071969614961098,
    "external_debt_pct_gni": 41.305984636710704,
    "real_gdp_growth": 3.5,
    "inflation": 3.5,
    "gdp_per_capita_ppp": 15052.708,
    "rule_of_law": -0.0201063,
    "control_of_corruption": -0.0798663999999999,
    "govt_effectiveness": 0.0250833,
    "regulatory_quality": 0.0071335,
    "political_stability": 0.1588848,
    "voice_accountability": 0.09736294999999995,
    "years_since_default": 29.0,
    "default_count_25y": 0.0,
    "debt_chg_5y_pp": 3.0
  },
  "pd_calibration": [
    {
      "bucket": 1,
      "score_lo": 0.002662126413266025,
      "score_hi": 0.010739489634254345,
      "pd_empirical": 0.0,
      "n_obs": 245,
      "n_events": 0
    },
    {
      "bucket": 2,
      "score_lo": 0.010747361052636977,
      "score_hi": 0.014612267985196546,
      "pd_empirical": 0.0,
      "n_obs": 246,
      "n_events": 0
    },
    {
      "bucket": 3,
      "score_lo": 0.014664982804329327,
      "score_hi": 0.0204106966111145,
      "pd_empirical": 0.0,
      "n_obs": 246,
      "n_events": 0
    },
    {
      "bucket": 4,
      "score_lo": 0.020411542558015236,
      "score_hi": 0.03204598450143077,
      "pd_empirical": 0.0,
      "n_obs": 246,
      "n_events": 0
    },
    {
      "bucket": 5,
      "score_lo": 0.032057007413886424,
      "score_hi": 0.04385215512772345,
      "pd_empirical": 0.0,
      "n_obs": 246,
      "n_events": 0
    },
    {
      "bucket": 6,
      "score_lo": 0.04391005674380648,
      "score_hi": 0.05454256127638372,
      "pd_empirical": 0.0,
      "n_obs": 246,
      "n_events": 0
    },
    {
      "bucket": 7,
      "score_lo": 0.054574483197767795,
      "score_hi": 0.06638734902346377,
      "pd_empirical": 0.0,
      "n_obs": 245,
      "n_events": 0
    },
    {
      "bucket": 8,
      "score_lo": 0.06653024434204098,
      "score_hi": 0.08444769939224883,
      "pd_empirical": 0.0,
      "n_obs": 246,
      "n_events": 0
    },
    {
      "bucket": 9,
      "score_lo": 0.08447592064182595,
      "score_hi": 0.10163629737387163,
      "pd_empirical": 0.012195121951219513,
      "n_obs": 246,
      "n_events": 3
    },
    {
      "bucket": 10,
      "score_lo": 0.10163629737387163,
      "score_hi": 0.1338272736832544,
      "pd_empirical": 0.0,
      "n_obs": 246,
      "n_events": 0
    },
    {
      "bucket": 11,
      "score_lo": 0.13383783849565725,
      "score_hi": 0.17226382726846423,
      "pd_empirical": 0.0,
      "n_obs": 246,
      "n_events": 0
    },
    {
      "bucket": 12,
      "score_lo": 0.17250097287350583,
      "score_hi": 0.22192783768243152,
      "pd_empirical": 0.0,
      "n_obs": 246,
      "n_events": 0
    },
    {
      "bucket": 13,
      "score_lo": 0.22209508836552436,
      "score_hi": 0.2715958805504674,
      "pd_empirical": 0.0,
      "n_obs": 246,
      "n_events": 0
    },
    {
      "bucket": 14,
      "score_lo": 0.2720138007347556,
      "score_hi": 0.32652686314560514,
      "pd_empirical": 0.00816326530612245,
      "n_obs": 245,
      "n_events": 2
    },
    {
      "bucket": 15,
      "score_lo": 0.3270811957254585,
      "score_hi": 0.4002745991919819,
      "pd_empirical": 0.012195121951219513,
      "n_obs": 246,
      "n_events": 3
    },
    {
      "bucket": 16,
      "score_lo": 0.4005849677361017,
      "score_hi": 0.49461687300089313,
      "pd_empirical": 0.028455284552845527,
      "n_obs": 246,
      "n_events": 7
    },
    {
      "bucket": 17,
      "score_lo": 0.4948359358999232,
      "score_hi": 0.6060300552066962,