{
  "estimator": "gbm",
  "horizon_years": 5,
  "feature_importance": {
    "gross_debt_pct_gdp": 0.011063550172194746,
    "fiscal_balance_pct_gdp": 0.0024672291257119227,
    "interest_pct_revenue": 0.001924071930869109,
    "current_account_pct_gdp": 0.00530366467222868,
    "reserves_to_imports_months": 0.008809135654289734,
    "short_term_debt_pct_reserves": 0.002378927061636493,
    "external_debt_pct_gni": 0.006137130022935778,
    "external_liquidity_ratio": 0.003533877479032543,
    "real_gdp_growth": 0.0030277892019412002,
    "inflation": 0.0013471234910022666,
    "gdp_per_capita_ppp_log": 0.031184246568393602,
    "rule_of_law": 0.001389186957671895,
    "govt_effectiveness": 0.008159610175456833,
    "political_stability": 0.0029712883673053024,
    "control_of_corruption": 0.0038291021439880945,
    "years_since_default": 0.010211745462179067,
    "debt_chg_5y_pp": 0.0020686797300133453,
    "fiscal_balance_chg_3y": 0.0026869112382812755,
    "tot_volatility_5y": 0.002372254656441297,
    "reserve_currency_share": 0.000860857329929654,
    "region_default_rate": 0.012389524870122116,
    "vix_annual": 0.0007339645714792842
  },
  "coefficients": {
    "gross_debt_pct_gdp": 0.011063550172194746,
    "fiscal_balance_pct_gdp": -0.0024672291257119227,
    "interest_pct_revenue": 0.001924071930869109,
    "current_account_pct_gdp": -0.00530366467222868,
    "reserves_to_imports_months": -0.008809135654289734,
    "short_term_debt_pct_reserves": 0.002378927061636493,
    "external_debt_pct_gni": 0.006137130022935778,
    "external_liquidity_ratio": 0.003533877479032543,
    "real_gdp_growth": -0.0030277892019412002,
    "inflation": 0.0013471234910022666,
    "gdp_per_capita_ppp_log": -0.031184246568393602,
    "rule_of_law": -0.001389186957671895,
    "govt_effectiveness": -0.008159610175456833,
    "political_stability": -0.0029712883673053024,
    "control_of_corruption": -0.0038291021439880945,
    "years_since_default": -0.010211745462179067,
    "debt_chg_5y_pp": 0.0020686797300133453,
    "fiscal_balance_chg_3y": -0.0026869112382812755,
    "tot_volatility_5y": 0.002372254656441297,
    "reserve_currency_share": -0.000860857329929654,
    "region_default_rate": 0.012389524870122116,
    "vix_annual": 0.0007339645714792842
  },
  "intercept": 0.0,
  "class_balance_log_odds": -2.03603113490939,
  "scaler": {
    "gross_debt_pct_gdp": {
      "mean": 49.35290796160361,
      "std": 31.997306725512406
    },
    "fiscal_balance_pct_gdp": {
      "mean": -1.8414455110107284,
      "std": 6.370499907875778
    },
    "interest_pct_revenue": {
      "mean": 5.783452611620537,
      "std": 4.366181401762512
    },
    "current_account_pct_gdp": {
      "mean": 0.8369565217391305,
      "std": 13.667495688851512
    },
    "reserves_to_imports_months": {
      "mean": 4.853247897097599,
      "std": 4.235414501542347
    },
    "short_term_debt_pct_reserves": {
      "mean": 27.46737007815227,
      "std": 17.06106416166251
    },
    "external_debt_pct_gni": {
      "mean": 39.581751329643815,
      "std": 18.43594524145446
    },
    "external_liquidity_ratio": {
      "mean": 17.94230366175126,
      "std": 44.223347307773594
    },
    "real_gdp_growth": {
      "mean": 3.339073969508752,
      "std": 4.464161856332161
    },
    "inflation": {
      "mean": 4.270073404856013,
      "std": 4.839646342900245
    },
    "gdp_per_capita_ppp_log": {
      "mean": 9.867178806511905,
      "std": 1.0078419224297888
    },
    "rule_of_law": {
      "mean": 0.548300868210051,
      "std": 0.7130685289947112
    },
    "govt_effectiveness": {
      "mean": 0.5246175500564654,
      "std": 0.7028040914282081
    },
    "political_stability": {
      "mean": 0.5406111945793337,
      "std": 0.6502168341970128
    },
    "control_of_corruption": {
      "mean": 0.48050611787125935,
      "std": 0.759045187350011
    },
    "years_since_default": {
      "mean": 68.77639751552795,
      "std": 41.57021432078796
    },
    "debt_chg_5y_pp": {
      "mean": 2.3023997741389044,
      "std": 14.725822085440257
    },
    "fiscal_balance_chg_3y": {
      "mean": -0.15135516657255788,
      "std": 5.9519200752917545
    },
    "tot_volatility_5y": {
      "mean": 0.10574853688677388,
      "std": 0.06486049170789113
    },
    "reserve_currency_share": {
      "mean": 3.1410502540937317,
      "std": 8.138122297944697
    },
    "region_default_rate": {
      "mean": 0.25508378621483896,
      "std": 0.2214012675463233
    },
    "vix_annual": {
      "mean": 19.715584557994628,
      "std": 5.874084559409069
    }
  },
  "medians": {
    "gross_debt_pct_gdp": 43.8,
    "fiscal_balance_pct_gdp": -2.3,
    "interest_pct_revenue": 4.95387039532298,
    "current_account_pct_gdp": -0.4,
    "reserves_to_imports_months": 4.21712222634877,
    "short_term_debt_pct_reserves": 25.320263174128947,
    "external_debt_pct_gni": 37.19063672863745,
    "external_liquidity_ratio": 1.6311347954422513,
    "real_gdp_growth": 3.3,
    "inflation": 3.1,
    "gdp_per_capita_ppp_log": 10.028874470849477,
    "rule_of_law": 0.61564145,
    "govt_effectiveness": 0.511363,
    "political_stability": 0.7006186999999999,
    "control_of_corruption": 0.4780849,
    "years_since_default": 100.0,
    "debt_chg_5y_pp": 2.5999999999999996,
    "fiscal_balance_chg_3y": 0.1499999999999999,
    "tot_volatility_5y": 0.09462930331108518,
    "reserve_currency_share": 0.0,
    "region_default_rate": 0.22727272727272727,
    "vix_annual": 17.667408098501987
  },
  "pd_calibration": [
    {
      "bucket": 1,
      "score_lo": 0.0015675353496998304,
      "score_hi": 0.00487031640138257,
      "pd_empirical": 0.0,
      "n_obs": 177,
      "n_events": 0
    },
    {
      "bucket": 2,
      "score_lo": 0.004931225508455372,
      "score_hi": 0.0068831817920263156,
      "pd_empirical": 0.0,
      "n_obs": 177,
      "n_events": 0
    },
    {
      "bucket": 3,
      "score_lo": 0.006893940914279976,
      "score_hi": 0.00918081037037873,
      "pd_empirical": 0.0,
      "n_obs": 177,
      "n_events": 0
    },
    {
      "bucket": 4,
      "score_lo": 0.009180855369769455,
      "score_hi": 0.012109417505564315,
      "pd_empirical": 0.0,
      "n_obs": 177,
      "n_events": 0
    },
    {
      "bucket": 5,
      "score_lo": 0.012123141817997738,
      "score_hi": 0.017918667001152366,
      "pd_empirical": 0.0,
      "n_obs": 177,
      "n_events": 0
    },
    {
      "bucket": 6,
      "score_lo": 0.017932551481243408,
      "score_hi": 0.025328717897633433,
      "pd_empirical": 0.0,
      "n_obs": 177,
      "n_events": 0
    },
    {
      "bucket": 7,
      "score_lo": 0.02541013190996335,
      "score_hi": 0.03464142772747307,
      "pd_empirical": 0.0,
      "n_obs": 177,
      "n_events": 0
    },
    {
      "bucket": 8,
      "score_lo": 0.034694532539945484,
      "score_hi": 0.04201995193136394,
      "pd_empirical": 0.0,
      "n_obs": 177,
      "n_events": 0
    },
    {
      "bucket": 9,
      "score_lo": 0.04202661272745864,
      "score_hi": 0.0516364477076575,
      "pd_empirical": 0.0,
      "n_obs": 177,
      "n_events": 0
    },
    {
      "bucket": 10,
      "score_lo": 0.05182624928074791,
      "score_hi": 0.06457147245767997,
      "pd_empirical": 0.0,
      "n_obs": 178,
      "n_events": 0
    },
    {
      "bucket": 11,
      "score_lo": 0.06459094746237314,
      "score_hi": 0.07798673048242534,
      "pd_empirical": 0.0,
      "n_obs": 177,
      "n_events": 0
    },
    {
      "bucket": 12,
      "score_lo": 0.07798673048242534,
      "score_hi": 0.0990124748259481,
      "pd_empirical": 0.0,
      "n_obs": 177,
      "n_events": 0
    },
    {
      "bucket": 13,
      "score_lo": 0.09910708771052154,
      "score_hi": 0.13234093579797734,
      "pd_empirical": 0.0,
      "n_obs": 177,
      "n_events": 0
    },
    {
      "bucket": 14,
      "score_lo": 0.13266647713271332,
      "score_hi": 0.19626056589651103,
      "pd_empirical": 0.0,