{
  "estimator": "gbm",
  "cadence": "quarterly",
  "horizon_quarters": 20,
  "feature_importance": {
    "gross_debt_pct_gdp": 0.01379440945817496,
    "fiscal_balance_pct_gdp": 0.004622505759811801,
    "interest_pct_revenue": 0.007333841512534666,
    "shadow_debt_gap_pp": 0.0,
    "current_account_pct_gdp": 0.021705742592801468,
    "reserves_to_imports_months": 0.0265635849995167,
    "short_term_debt_pct_reserves": 0.010337424780079952,
    "external_debt_pct_gni": 0.021608122845105403,
    "real_gdp_growth": 0.009694166075916777,
    "inflation": 0.007687662120577432,
    "gdp_per_capita_ppp": 0.09478953778517105,
    "rule_of_law": 0.012758791265225278,
    "control_of_corruption": 0.011892216500451113,
    "govt_effectiveness": 0.03482011412885866,
    "regulatory_quality": 0.010741475075723405,
    "political_stability": 0.006319314099052642,
    "voice_accountability": 0.01618689884481537
  },
  "coefficients": {
    "gross_debt_pct_gdp": 0.01379440945817496,
    "fiscal_balance_pct_gdp": -0.004622505759811801,
    "interest_pct_revenue": 0.007333841512534666,
    "shadow_debt_gap_pp": 0.0,
    "current_account_pct_gdp": -0.021705742592801468,
    "reserves_to_imports_months": -0.0265635849995167,
    "short_term_debt_pct_reserves": 0.010337424780079952,
    "external_debt_pct_gni": 0.021608122845105403,
    "real_gdp_growth": -0.009694166075916777,
    "inflation": 0.007687662120577432,
    "gdp_per_capita_ppp": -0.09478953778517105,
    "rule_of_law": -0.012758791265225278,
    "control_of_corruption": -0.011892216500451113,
    "govt_effectiveness": -0.03482011412885866,
    "regulatory_quality": -0.010741475075723405,
    "political_stability": -0.006319314099052642,
    "voice_accountability": -0.01618689884481537
  },
  "intercept": 0.0,
  "class_balance_log_odds": -1.9646202175177807,
  "scaler": {
    "gross_debt_pct_gdp": {
      "mean": 52.61256773655689,
      "std": 35.89291669463499
    },
    "fiscal_balance_pct_gdp": {
      "mean": -2.190662776156732,
      "std": 6.202942074056934
    },
    "interest_pct_revenue": {
      "mean": 6.505439168117987,
      "std": 5.902627770870666
    },
    "shadow_debt_gap_pp": {
      "mean": 9.143955814922883,
      "std": 1.6859013916590333
    },
    "current_account_pct_gdp": {
      "mean": -0.8453939141308878,
      "std": 13.131986581884204
    },
    "reserves_to_imports_months": {
      "mean": 4.767094534030395,
      "std": 3.883064096256519
    },
    "short_term_debt_pct_reserves": {
      "mean": 111.29608092761362,
      "std": 1268.0871789344246
    },
    "external_debt_pct_gni": {
      "mean": 45.27555862416953,
      "std": 26.204799398549603
    },
    "real_gdp_growth": {
      "mean": 3.3881408920383493,
      "std": 4.671022968387822
    },
    "inflation": {
      "mean": 24.78074197582326,
      "std": 987.3659620331907
    },
    "gdp_per_capita_ppp": {
      "mean": 23519.539540641934,
      "std": 24726.36079401607
    },
    "rule_of_law": {
      "mean": 0.04986183937057141,
      "std": 0.8423003916337688
    },
    "control_of_corruption": {
      "mean": 0.028411964506044544,
      "std": 0.8500930634809514
    },
    "govt_effectiveness": {
      "mean": 0.09030198545227207,
      "std": 0.8196914193713039
    },
    "regulatory_quality": {
      "mean": 0.07370263534806197,
      "std": 0.8261080627266477
    },
    "political_stability": {
      "mean": 0.11015270031263054,
      "std": 0.8001974419346479
    },
    "voice_accountability": {
      "mean": 0.07403223697373944,
      "std": 0.834053905705432
    }
  },
  "medians": {
    "gross_debt_pct_gdp": 46.3,
    "fiscal_balance_pct_gdp": -2.5,
    "interest_pct_revenue": 5.41407297462898,
    "shadow_debt_gap_pp": 9.1,
    "current_account_pct_gdp": -1.5,
    "reserves_to_imports_months": 4.1676367510060555,
    "short_term_debt_pct_reserves": 28.1855202341122,
    "external_debt_pct_gni": 41.305984636710704,
    "real_gdp_growth": 3.5,
    "inflation": 3.5,
    "gdp_per_capita_ppp": 15052.708,
    "rule_of_law": -0.0201063,
    "control_of_corruption": -0.0798663999999999,
    "govt_effectiveness": 0.0250833,
    "regulatory_quality": 0.0071335,
    "political_stability": 0.1588848,
    "voice_accountability": 0.09736294999999995
  },
  "pd_calibration": [
    {
      "bucket": 1,
      "score_lo": 0.003692412740945856,
      "score_hi": 0.010841972748198975,
      "pd_empirical": 0.0,
      "n_obs": 959,
      "n_events": 0
    },
    {
      "bucket": 2,
      "score_lo": 0.010868472363413229,
      "score_hi": 0.014292507393125167,
      "pd_empirical": 0.0,
      "n_obs": 960,
      "n_events": 0
    },
    {
      "bucket": 3,
      "score_lo": 0.014292507393125167,
      "score_hi": 0.01816899521909986,
      "pd_empirical": 0.0,
      "n_obs": 959,
      "n_events": 0
    },
    {
      "bucket": 4,
      "score_lo": 0.01817222354631429,
      "score_hi": 0.030110314522269182,
      "pd_empirical": 0.0,
      "n_obs": 960,
      "n_events": 0
    },
    {
      "bucket": 5,
      "score_lo": 0.030143133702561043,
      "score_hi": 0.06106624310313493,
      "pd_empirical": 0.0,
      "n_obs": 960,
      "n_events": 0
    },
    {
      "bucket": 6,
      "score_lo": 0.06106624310313493,
      "score_hi": 0.0907475804596294,
      "pd_empirical": 0.0,
      "n_obs": 959,
      "n_events": 0
    },
    {
      "bucket": 7,
      "score_lo": 0.09076633630314017,
      "score_hi": 0.10843250143675748,
      "pd_empirical": 0.0,
      "n_obs": 960,
      "n_events": 0
    },
    {
      "bucket": 8,
      "score_lo": 0.10843250143675748,
      "score_hi": 0.12894501251096818,
      "pd_empirical": 0.004171011470281543,
      "n_obs": 959,
      "n_events": 4
    },
    {
      "bucket": 9,
      "score_lo": 0.12894501251096818,
      "score_hi": 0.14819957382803478,
      "pd_empirical": 0.0,
      "n_obs": 960,
      "n_events": 0
    },
    {
      "bucket": 10,
      "score_lo": 0.14819957382803478,
      "score_hi": 0.17982944187186659,
      "pd_empirical": 0.0,
      "n_obs": 960,
      "n_events": 0
    },
    {
      "bucket": 11,
      "score_lo": 0.17982944187186659,
      "score_hi": 0.22065775861019415,
      "pd_empirical": 0.004171011470281543,
      "n_obs": 959,
      "n_events": 4
    },
    {
      "bucket": 12,
      "score_lo": 0.22065775861019415,
      "score_hi": 0.2691758841483606,
      "pd_empirical": 0.004166666666666667,
      "n_obs": 960,
      "n_events": 4
    },
    {
      "bucket": 13,
      "score_lo": 0.2691758841483606,
      "score_hi": 0.3242545063900923,
      "pd_empirical": 0.004171011470281543,
      "n_obs": 959,
      "n_events": 4
    },
    {
      "bucket": 14,
      "score_lo": 0.3242545063900923,
      "score_hi": 0.3924002713986599,
      "pd_empirical": 0.05416666666666667,
      "n_obs": 960,
      "n_events": 52
    },
    {
      "bucket": 15,
      "score_lo": 0.39243653680607893,
      "score_hi": 0.46342312175783135,
      "pd_empirical": 0.04583333333333333,
      "n_obs": 960,
      "n_events": 44
    },
    {
      "bucket": 16,
      "score_lo": 0.46342312175783135,
      "score_hi": 0.553926467181581,
      "pd_empirical": 0.07090719499478623,
      "n_obs": 959,
      "n_events": 68
    },
    {
      "bucket": 17,
      "score_lo": 0.553926467181581,
      "score_hi": 0.6528082494872091,
      "pd_empirical": 0.11458333333333333,
      "n_obs": 960,
      "n_events": 110
    },
    {
      "bucket": 18,
      "score_lo": 0.6528082494872091,
      "score_hi": 0.7599817650453347,
      "pd_empirical": 0.48175182481751827,
      "n_obs": 959,
      "n_events": 462
    },
    {
      "bucket": 19,
      "score_lo": 0.7599817650453347,
      "score_hi": 0.8490233798659576,
      "pd_empirical": 0.7625,
      "n_obs": 960,
      "n_events": 732
    },
    {
      "bucket": 20,
      "score_lo": 0.8498152826306695,
      "score_hi": 0.9627965819407784,
      "pd_empirical": 0.9125,
      "n_obs": 960,
      "n_events": 876
    }
  ],