{
  "estimator": "gbm",
  "cadence": "quarterly",
  "horizon_quarters": 12,
  "feature_importance": {
    "gross_debt_pct_gdp": 0.008325153568088117,
    "fiscal_balance_pct_gdp": 0.007632021158269909,
    "interest_pct_revenue": 0.007245908010819302,
    "shadow_debt_gap_pp": -2.2750827879391978e-07,
    "current_account_pct_gdp": 0.02964706514320379,
    "reserves_to_imports_months": 0.020670779721428743,
    "short_term_debt_pct_reserves": 0.0042996852802143605,
    "external_debt_pct_gni": 0.014209538284587531,
    "real_gdp_growth": 0.007698030157486313,
    "inflation": 0.005492842968730249,
    "gdp_per_capita_ppp": 0.07153685634116129,
    "rule_of_law": 0.0054600944159356015,
    "control_of_corruption": 0.004761738795217263,
    "govt_effectiveness": 0.01939836383629514,
    "regulatory_quality": 0.011440806769635237,
    "political_stability": 0.010076189994691509,
    "voice_accountability": 0.014257529892059884,
    "years_since_default": 0.03687744255415959,
    "default_count_25y": 0.0022554886372253558,
    "debt_chg_5y_pp": 0.0081790584949063
  },
  "coefficients": {
    "gross_debt_pct_gdp": 0.008325153568088117,
    "fiscal_balance_pct_gdp": -0.007632021158269909,
    "interest_pct_revenue": 0.007245908010819302,
    "shadow_debt_gap_pp": -2.2750827879391978e-07,
    "current_account_pct_gdp": -0.02964706514320379,
    "reserves_to_imports_months": -0.020670779721428743,
    "short_term_debt_pct_reserves": 0.0042996852802143605,
    "external_debt_pct_gni": 0.014209538284587531,
    "real_gdp_growth": -0.007698030157486313,
    "inflation": 0.005492842968730249,
    "gdp_per_capita_ppp": -0.07153685634116129,
    "rule_of_law": -0.0054600944159356015,
    "control_of_corruption": -0.004761738795217263,
    "govt_effectiveness": -0.01939836383629514,
    "regulatory_quality": -0.011440806769635237,
    "political_stability": -0.010076189994691509,
    "voice_accountability": -0.014257529892059884,
    "years_since_default": -0.03687744255415959,
    "default_count_25y": 0.0022554886372253558,
    "debt_chg_5y_pp": 0.0081790584949063
  },
  "intercept": 0.0,
  "class_balance_log_odds": -2.3149517486312576,
  "scaler": {
    "gross_debt_pct_gdp": {
      "mean": 52.45979255643685,
      "std": 35.46916753932132
    },
    "fiscal_balance_pct_gdp": {
      "mean": -2.1981492780150496,
      "std": 6.127601862310702
    },
    "interest_pct_revenue": {
      "mean": 6.479026197399014,
      "std": 5.8331713710460456
    },
    "shadow_debt_gap_pp": {
      "mean": 9.142892007321533,
      "std": 1.6653882093868282
    },
    "current_account_pct_gdp": {
      "mean": -0.8612365263371976,
      "std": 12.972486670637782
    },
    "reserves_to_imports_months": {
      "mean": 4.752586607209183,
      "std": 3.836891524366679
    },
    "short_term_debt_pct_reserves": {
      "mean": 109.28465999563747,
      "std": 1252.7125542482524
    },
    "external_debt_pct_gni": {
      "mean": 45.1794879907533,
      "std": 25.892927213986884
    },
    "real_gdp_growth": {
      "mean": 3.390848078096401,
      "std": 4.614182424381406
    },
    "inflation": {
      "mean": 24.265710799267847,
      "std": 975.3496595461272
    },
    "gdp_per_capita_ppp": {
      "mean": 23314.627408582466,
      "std": 24459.935433014314
    },
    "rule_of_law": {
      "mean": 0.04816848802115145,
      "std": 0.8321143443669714
    },
    "control_of_corruption": {
      "mean": 0.025791438702461193,
      "std": 0.839907511377549
    },
    "govt_effectiveness": {
      "mean": 0.08872357919463117,
      "std": 0.8097732034183153
    },
    "regulatory_quality": {
      "mean": 0.07209154584096023,
      "std": 0.8161138135966212
    },
    "political_stability": {
      "mean": 0.11133210235916237,
      "std": 0.7904900245366695
    },
    "voice_accountability": {
      "mean": 0.07459688103518441,
      "std": 0.8239065899975365
    },
    "years_since_default": {
      "mean": 52.809436648362826,
      "std": 43.87775314621332
    },
    "default_count_25y": {
      "mean": 1.2898108602806588,
      "std": 1.768639744495261
    },
    "debt_chg_5y_pp": {
      "mean": 1.6669513931258901,
      "std": 22.84396266664351
    }
  },
  "medians": {
    "gross_debt_pct_gdp": 46.3,
    "fiscal_balance_pct_gdp": -2.5,
    "interest_pct_revenue": 5.41407297462898,
    "shadow_debt_gap_pp": 9.1,
    "current_account_pct_gdp": -1.5,
    "reserves_to_imports_months": 4.1676367510060555,
    "short_term_debt_pct_reserves": 28.1855202341122,
    "external_debt_pct_gni": 41.305984636710704,
    "real_gdp_growth": 3.5,
    "inflation": 3.5,
    "gdp_per_capita_ppp": 15052.708,
    "rule_of_law": -0.0201063,
    "control_of_corruption": -0.0798663999999999,
    "govt_effectiveness": 0.0250833,
    "regulatory_quality": 0.0071335,
    "political_stability": 0.1588848,
    "voice_accountability": 0.09736294999999995,
    "years_since_default": 29.0,
    "default_count_25y": 0.0,
    "debt_chg_5y_pp": 3.0
  },
  "pd_calibration": [
    {
      "bucket": 1,
      "score_lo": 0.0030846052405501564,
      "score_hi": 0.010874537566491298,
      "pd_empirical": 0.0,
      "n_obs": 983,
      "n_events": 0
    },
    {
      "bucket": 2,
      "score_lo": 0.010874537566491298,
      "score_hi": 0.015027136998993782,
      "pd_empirical": 0.0,
      "n_obs": 983,
      "n_events": 0
    },
    {
      "bucket": 3,
      "score_lo": 0.015027136998993782,
      "score_hi": 0.020809078477780196,
      "pd_empirical": 0.0,
      "n_obs": 984,
      "n_events": 0
    },
    {
      "bucket": 4,
      "score_lo": 0.020809078477780196,
      "score_hi": 0.03274816249629349,
      "pd_empirical": 0.0,
      "n_obs": 983,
      "n_events": 0
    },
    {
      "bucket": 5,
      "score_lo": 0.03274816249629349,
      "score_hi": 0.046202312969137245,
      "pd_empirical": 0.0,
      "n_obs": 984,
      "n_events": 0
    },
    {
      "bucket": 6,
      "score_lo": 0.046202312969137245,
      "score_hi": 0.05701294313964119,
      "pd_empirical": 0.0,
      "n_obs": 983,
      "n_events": 0
    },
    {
      "bucket": 7,
      "score_lo": 0.05701294313964119,
      "score_hi": 0.06890915175641284,
      "pd_empirical": 0.0,
      "n_obs": 983,
      "n_events": 0
    },
    {
      "bucket": 8,
      "score_lo": 0.06894372790176201,
      "score_hi": 0.09039055928933766,
      "pd_empirical": 0.0,
      "n_obs": 984,
      "n_events": 0
    },
    {
      "bucket": 9,
      "score_lo": 0.09053806512894459,
      "score_hi": 0.11868502377210588,
      "pd_empirical": 0.009155645981688708,
      "n_obs": 983,
      "n_events": 9
    },
    {
      "bucket": 10,
      "score_lo": 0.11868502377210588,
      "score_hi": 0.14376738757143911,
      "pd_empirical": 0.003048780487804878,
      "n_obs": 984,
      "n_events": 3
    },
    {
      "bucket": 11,
      "score_lo": 0.14376738757143911,
      "score_hi": 0.1798344586777035,
      "pd_empirical": 0.0,
      "n_obs": 983,
      "n_events": 0
    },
    {
      "bucket": 12,
      "score_lo": 0.1798344586777035,
      "score_hi": 0.22643157460347674,
      "pd_empirical": 0.0,
      "n_obs": 983,
      "n_events": 0
    },
    {
      "bucket": 13,
      "score_lo": 0.22643157460347674,
      "score_hi": 0.27444956856889957,
      "pd_empirical": 0.0,
      "n_obs": 984,
      "n_events": 0
    },
    {
      "bucket": 14,
      "score_lo": 0.27444956856889957,
      "score_hi": 0.3361084171121153,
      "pd_empirical": 0.004069175991861648,
      "n_obs": 983,
      "n_events": 4
    },
    {
      "bucket": 15,
      "score_lo": 0.33618729298290895,
      "score_hi": 0.4010295836411761,
      "pd_empirical": 0.012195121951219513,
      "n_obs": 984,
      "n_events": 12
    },
    {
      "bucket": 16,
      "score_lo": 0.4013577178607158,
      "score_hi": 0.48196755532318464,
      "pd_empirical": 0.024415055951169887,
      "n_obs": 983,
      "n_events": 24
    },
    {
      "bucket": 17,