{
  "estimator": "gbm",
  "cadence": "quarterly",
  "horizon_quarters": 4,
  "feature_importance": {
    "gross_debt_pct_gdp": 0.002051789050214259,
    "fiscal_balance_pct_gdp": 0.0026502711751510643,
    "interest_pct_revenue": 0.0004959229990493918,
    "shadow_debt_gap_pp": 0.0,
    "current_account_pct_gdp": 0.008318344629540952,
    "reserves_to_imports_months": 0.0038102093750068235,
    "short_term_debt_pct_reserves": 0.001685360732426555,
    "external_debt_pct_gni": 0.0013343989924944123,
    "real_gdp_growth": 0.001431940440717505,
    "inflation": 0.00357379956197319,
    "gdp_per_capita_ppp": 0.01883994600758272,
    "rule_of_law": 0.0005638270654636068,
    "control_of_corruption": 0.001794591715428151,
    "govt_effectiveness": 0.004410759224255978,
    "regulatory_quality": 0.00012574520784214283,
    "political_stability": 0.003215008039312095,
    "voice_accountability": 0.00048635632789804093,
    "years_since_default": 0.012686619011594647,
    "default_count_25y": 0.0002528964682165347,
    "debt_chg_5y_pp": 0.0009699005507314062,
    "tot_volatility_5y": 0.002445180493033683,
    "reer_overvaluation_pct": 0.0007066654609536593,
    "reserve_currency_share": 0.001684423364071641,
    "vix_annual": 0.0006141003359086516,
    "region_default_rate": 0.009589085282875697,
    "external_liquidity_ratio": 0.0019433300176224578
  },
  "coefficients": {
    "gross_debt_pct_gdp": 0.002051789050214259,
    "fiscal_balance_pct_gdp": -0.0026502711751510643,
    "interest_pct_revenue": 0.0004959229990493918,
    "shadow_debt_gap_pp": 0.0,
    "current_account_pct_gdp": -0.008318344629540952,
    "reserves_to_imports_months": -0.0038102093750068235,
    "short_term_debt_pct_reserves": 0.001685360732426555,
    "external_debt_pct_gni": 0.0013343989924944123,
    "real_gdp_growth": -0.001431940440717505,
    "inflation": 0.00357379956197319,
    "gdp_per_capita_ppp": -0.01883994600758272,
    "rule_of_law": -0.0005638270654636068,
    "control_of_corruption": -0.001794591715428151,
    "govt_effectiveness": -0.004410759224255978,
    "regulatory_quality": -0.00012574520784214283,
    "political_stability": -0.003215008039312095,
    "voice_accountability": -0.00048635632789804093,
    "years_since_default": -0.012686619011594647,
    "default_count_25y": 0.0002528964682165347,
    "debt_chg_5y_pp": 0.0009699005507314062,
    "tot_volatility_5y": 0.002445180493033683,
    "reer_overvaluation_pct": 0.0007066654609536593,
    "reserve_currency_share": -0.001684423364071641,
    "vix_annual": 0.0006141003359086516,
    "region_default_rate": 0.009589085282875697,
    "external_liquidity_ratio": 0.0019433300176224578
  },
  "intercept": 0.0,
  "class_balance_log_odds": -3.2438251439161494,
  "scaler": {
    "gross_debt_pct_gdp": {
      "mean": 49.35290796160361,
      "std": 31.993918675731315
    },
    "fiscal_balance_pct_gdp": {
      "mean": -1.8414455110107284,
      "std": 6.369825364514751
    },
    "interest_pct_revenue": {
      "mean": 5.783452611620537,
      "std": 4.365719086603521
    },
    "shadow_debt_gap_pp": {
      "mean": 5.630717108977978,
      "std": 1.0541032945117563
    },
    "current_account_pct_gdp": {
      "mean": 0.8369565217391307,
      "std": 13.666048499680823
    },
    "reserves_to_imports_months": {
      "mean": 4.8532478970976,
      "std": 4.234966032697369
    },
    "short_term_debt_pct_reserves": {
      "mean": 137.33267979717547,
      "std": 1473.231973038342
    },
    "external_debt_pct_gni": {
      "mean": 39.581751329643815,
      "std": 18.433993142774977
    },
    "real_gdp_growth": {
      "mean": 3.339073969508752,
      "std": 4.463689166466944
    },
    "inflation": {
      "mean": 4.2700734048560145,
      "std": 4.839133894684632
    },
    "gdp_per_capita_ppp": {
      "mean": 29384.17770242801,
      "std": 26089.94010915252
    },
    "rule_of_law": {
      "mean": 0.548300868210051,
      "std": 0.7129930254002154
    },
    "control_of_corruption": {
      "mean": 0.4805061178712593,
      "std": 0.7589648154955428
    },
    "govt_effectiveness": {
      "mean": 0.5246175500564654,
      "std": 0.7027296746883802
    },
    "regulatory_quality": {
      "mean": 0.5713535931677021,
      "std": 0.7097317724678756
    },
    "political_stability": {
      "mean": 0.5406111945793337,
      "std": 0.6501479856835038
    },
    "voice_accountability": {
      "mean": 0.5098911040372672,
      "std": 0.7271950173638491
    },
    "years_since_default": {
      "mean": 68.77639751552795,
      "std": 41.56581263921011
    },
    "default_count_25y": {
      "mean": 0.8063241106719368,
      "std": 1.5075292402558647
    },
    "debt_chg_5y_pp": {
      "mean": 2.302399774138905,
      "std": 14.724262834883943
    },
    "tot_volatility_5y": {
      "mean": 0.10574853688677388,
      "std": 0.0648536239244011
    },
    "reer_overvaluation_pct": {
      "mean": 0.5373741196242412,
      "std": 5.105318686234094
    },
    "reserve_currency_share": {
      "mean": 3.141050254093733,
      "std": 8.137260589060563
    },
    "vix_annual": {
      "mean": 19.715584557994628,
      "std": 5.873462579219386
    },
    "region_default_rate": {
      "mean": 0.25508378621483896,
      "std": 0.22137782436960532
    },
    "external_liquidity_ratio": {
      "mean": 17.942303661751264,
      "std": 44.218664697969835
    }
  },
  "medians": {
    "gross_debt_pct_gdp": 43.8,
    "fiscal_balance_pct_gdp": -2.3,
    "interest_pct_revenue": 4.95387039532298,
    "shadow_debt_gap_pp": 5.6,
    "current_account_pct_gdp": -0.4,
    "reserves_to_imports_months": 4.21712222634877,
    "short_term_debt_pct_reserves": 31.6377915902306,
    "external_debt_pct_gni": 37.19063672863745,
    "real_gdp_growth": 3.3,
    "inflation": 3.1,
    "gdp_per_capita_ppp": 22671.7395,
    "rule_of_law": 0.61564145,
    "control_of_corruption": 0.4780849,
    "govt_effectiveness": 0.511363,
    "regulatory_quality": 0.6299601,
    "political_stability": 0.7006186999999999,
    "voice_accountability": 0.6136436,
    "years_since_default": 100.0,
    "default_count_25y": 0.0,
    "debt_chg_5y_pp": 2.5999999999999996,
    "tot_volatility_5y": 0.09462930331108518,
    "reer_overvaluation_pct": 0.4418974417771948,
    "reserve_currency_share": 0.0,
    "vix_annual": 17.667408098501987,
    "region_default_rate": 0.22727272727272727,
    "external_liquidity_ratio": 1.6311347954422513
  },
  "pd_calibration": [
    {
      "bucket": 1,
      "score_lo": 0.002096602409077673,
      "score_hi": 0.005220207043976859,
      "pd_empirical": 0.0,
      "n_obs": 708,
      "n_events": 0
    },
    {
      "bucket": 2,
      "score_lo": 0.005234543677841913,
      "score_hi": 0.0070756676945627865,
      "pd_empirical": 0.0,
      "n_obs": 708,
      "n_events": 0
    },
    {
      "bucket": 3,
      "score_lo": 0.0070756676945627865,
      "score_hi": 0.008746334820710898,
      "pd_empirical": 0.0,
      "n_obs": 709,
      "n_events": 0
    },
    {
      "bucket": 4,
      "score_lo": 0.008746334820710898,
      "score_hi": 0.011099833038830999,
      "pd_empirical": 0.0,
      "n_obs": 708,
      "n_events": 0
    },
    {
      "bucket": 5,
      "score_lo": 0.011099914990126237,
      "score_hi": 0.013769410353046995,
      "pd_empirical": 0.0,
      "n_obs": 709,
      "n_events": 0
    },
    {
      "bucket": 6,
      "score_lo": 0.013769410353046995,
      "score_hi": 0.016974710393392836,
      "pd_empirical": 0.0,
      "n_obs": 708,
      "n_events": 0
    },
    {
      "bucket": 7,
      "score_lo": 0.016974710393392836,
      "score_hi": 0.019345107362569575,
      "pd_empirical": 0.0,
      "n_obs": 708,
      "n_events": 0
    },
    {
      "bucket": 8,
      "score_lo": 0.019345107362569575,
      "score_hi": 0.0221979640740043,
      "pd_empirical": 0.0,
      "n_obs": 709,
      "n_events": 0
    },
    {
      "bucket": 9,
      "score_lo": 0.0221979640740043,
      "score_hi": 0.025576489312510862,