{
  "estimator": "gbm",
  "horizon_years": 1,
  "feature_importance": {
    "gross_debt_pct_gdp": 0.003942625661375598,
    "fiscal_balance_pct_gdp": 0.004923666225749512,
    "interest_pct_revenue": 0.0020456349206348645,
    "shadow_debt_gap_pp": 0.0001830908289241262,
    "current_account_pct_gdp": 0.033369268077601336,
    "reserves_to_imports_months": 0.010451554232804161,
    "short_term_debt_pct_reserves": 0.009487874779541406,
    "external_debt_pct_gni": 0.007069995590828893,
    "real_gdp_growth": 0.008864638447971728,
    "inflation": 0.00733768738977072,
    "gdp_per_capita_ppp": 0.04259044312169311,
    "rule_of_law": 0.0033956679894179276,
    "control_of_corruption": 0.002295910493827091,
    "govt_effectiveness": 0.012965663580246844,
    "regulatory_quality": 0.0027873126102292423,
    "political_stability": 0.009359292328042279,
    "voice_accountability": 0.00407104276895941,
    "years_since_default": 0.026452491181657812,
    "default_count_25y": 0.00047696208112871783,
    "debt_chg_5y_pp": 0.011104883156966483,
    "tot_volatility_5y": 0.003036320546737181,
    "reer_overvaluation_pct": 0.0009667658730158624,
    "reserve_currency_share": 0.001854883156966447
  },
  "coefficients": {
    "gross_debt_pct_gdp": 0.003942625661375598,
    "fiscal_balance_pct_gdp": -0.004923666225749512,
    "interest_pct_revenue": 0.0020456349206348645,
    "shadow_debt_gap_pp": 0.0001830908289241262,
    "current_account_pct_gdp": -0.033369268077601336,
    "reserves_to_imports_months": -0.010451554232804161,
    "short_term_debt_pct_reserves": 0.009487874779541406,
    "external_debt_pct_gni": 0.007069995590828893,
    "real_gdp_growth": -0.008864638447971728,
    "inflation": 0.00733768738977072,
    "gdp_per_capita_ppp": -0.04259044312169311,
    "rule_of_law": -0.0033956679894179276,
    "control_of_corruption": -0.002295910493827091,
    "govt_effectiveness": -0.012965663580246844,
    "regulatory_quality": -0.0027873126102292423,
    "political_stability": -0.009359292328042279,
    "voice_accountability": -0.00407104276895941,
    "years_since_default": -0.026452491181657812,
    "default_count_25y": 0.00047696208112871783,
    "debt_chg_5y_pp": 0.011104883156966483,
    "tot_volatility_5y": 0.003036320546737181,
    "reer_overvaluation_pct": 0.0009667658730158624,
    "reserve_currency_share": -0.001854883156966447
  },
  "intercept": 0.0,
  "class_balance_log_odds": -3.2031274679000616,
  "scaler": {
    "gross_debt_pct_gdp": {
      "mean": 52.45979255643685,
      "std": 35.471873078491186
    },
    "fiscal_balance_pct_gdp": {
      "mean": -2.19814927801505,
      "std": 6.128069267327565
    },
    "interest_pct_revenue": {
      "mean": 6.479026197399013,
      "std": 5.833616317311248
    },
    "shadow_debt_gap_pp": {
      "mean": 9.271568029286147,
      "std": 3.3277143680117534
    },
    "current_account_pct_gdp": {
      "mean": -0.8612365263371975,
      "std": 12.973476194025286
    },
    "reserves_to_imports_months": {
      "mean": 4.752586607209184,
      "std": 3.8371841971590896
    },
    "short_term_debt_pct_reserves": {
      "mean": 30.67290921354933,
      "std": 60.56947662778477
    },
    "external_debt_pct_gni": {
      "mean": 45.1794879907533,
      "std": 25.894902290751485
    },
    "real_gdp_growth": {
      "mean": 3.3908480780964,
      "std": 4.614534387851399
    },
    "inflation": {
      "mean": 24.265710799267847,
      "std": 975.4240578726423
    },
    "gdp_per_capita_ppp": {
      "mean": 23314.627408582466,
      "std": 24461.801203146464
    },
    "rule_of_law": {
      "mean": 0.04816848802115145,
      "std": 0.8321778169012565
    },
    "control_of_corruption": {
      "mean": 0.02579143870246123,
      "std": 0.8399715783638048
    },
    "govt_effectiveness": {
      "mean": 0.08872357919463117,
      "std": 0.8098349718012433
    },
    "regulatory_quality": {
      "mean": 0.07209154584096023,
      "std": 0.8161760656324162
    },
    "political_stability": {
      "mean": 0.11133210235916238,
      "std": 0.7905503220252542
    },
    "voice_accountability": {
      "mean": 0.07459688103518441,
      "std": 0.8239694364556046
    },
    "years_since_default": {
      "mean": 52.809436648362826,
      "std": 43.881100080695134
    },
    "default_count_25y": {
      "mean": 1.2898108602806588,
      "std": 1.76877465389493
    },
    "debt_chg_5y_pp": {
      "mean": 1.6669513931258897,
      "std": 22.845705172602727
    },
    "tot_volatility_5y": {
      "mean": 0.10984802461117696,
      "std": 0.06361592968953707
    },
    "reer_overvaluation_pct": {
      "mean": 0.3196063279217246,
      "std": 4.673309269297162
    },
    "reserve_currency_share": {
      "mean": 2.3271100264388855,
      "std": 7.1135094808793085
    }
  },
  "medians": {
    "gross_debt_pct_gdp": 46.3,
    "fiscal_balance_pct_gdp": -2.5,
    "interest_pct_revenue": 5.41407297462898,
    "shadow_debt_gap_pp": 9.1,
    "current_account_pct_gdp": -1.5,
    "reserves_to_imports_months": 4.1676367510060555,
    "short_term_debt_pct_reserves": 25.071969614961098,
    "external_debt_pct_gni": 41.305984636710704,
    "real_gdp_growth": 3.5,
    "inflation": 3.5,
    "gdp_per_capita_ppp": 15052.708,
    "rule_of_law": -0.0201063,
    "control_of_corruption": -0.0798663999999999,
    "govt_effectiveness": 0.0250833,
    "regulatory_quality": 0.0071335,
    "political_stability": 0.1588848,
    "voice_accountability": 0.09736294999999995,
    "years_since_default": 29.0,
    "default_count_25y": 0.0,
    "debt_chg_5y_pp": 3.0,
    "tot_volatility_5y": 0.09935110516134757,
    "reer_overvaluation_pct": 0.2929846897136823,
    "reserve_currency_share": 0.0
  },
  "pd_calibration": [
    {
      "bucket": 1,
      "score_lo": 0.004736190338580221,
      "score_hi": 0.011092734722128546,
      "pd_empirical": 0.0,
      "n_obs": 245,
      "n_events": 0
    },
    {
      "bucket": 2,
      "score_lo": 0.011096905653154951,
      "score_hi": 0.015794245268551527,
      "pd_empirical": 0.0,
      "n_obs": 246,
      "n_events": 0
    },
    {
      "bucket": 3,
      "score_lo": 0.015804693257652512,
      "score_hi": 0.021096316083027405,
      "pd_empirical": 0.0,
      "n_obs": 246,
      "n_events": 0
    },
    {
      "bucket": 4,
      "score_lo": 0.021118650431677106,
      "score_hi": 0.028429559170104545,
      "pd_empirical": 0.0,
      "n_obs": 246,
      "n_events": 0
    },
    {
      "bucket": 5,
      "score_lo": 0.028441190521791906,
      "score_hi": 0.03536319718533529,
      "pd_empirical": 0.0,
      "n_obs": 246,
      "n_events": 0
    },
    {
      "bucket": 6,
      "score_lo": 0.03537624698476427,
      "score_hi": 0.041331084361926715,
      "pd_empirical": 0.0,
      "n_obs": 246,
      "n_events": 0
    },
    {
      "bucket": 7,
      "score_lo": 0.04134216273070446,
      "score_hi": 0.051881901014601405,
      "pd_empirical": 0.0,
      "n_obs": 245,
      "n_events": 0
    },
    {
      "bucket": 8,
      "score_lo": 0.051889997118713505,
      "score_hi": 0.06584805760457502,
      "pd_empirical": 0.0,
      "n_obs": 246,
      "n_events": 0
    },
    {
      "bucket": 9,
      "score_lo": 0.0658751381107465,
      "score_hi": 0.07505927011012564,
      "pd_empirical": 0.0040650406504065045,
      "n_obs": 246,
      "n_events": 1
    },
    {
      "bucket": 10,
      "score_lo": 0.07518097608138112,
      "score_hi": 0.09661346316035405,
      "pd_empirical": 0.0,
      "n_obs": 246,
      "n_events": 0
    },
    {
      "bucket": 11,
      "score_lo": 0.09669049457663877,
      "score_hi": 0.12732755019976888,
      "pd_empirical": 0.0,
      "n_obs": 246,
      "n_events": 0
    },
    {
      "bucket": 12,
      "score_lo": 0.1274539154268286,
      "score_hi": 0.1616055503447286,
      "pd_empirical": 0.0,
      "n_obs": 246,
      "n_events": 0
    },
    {
      "bucket": 13,
      "score_lo": 0.1619399779989862,
      "score_hi": 0.1999555226119988,