{
  "estimator": "gbm",
  "horizon_years": 1,
  "feature_importance": {
    "gross_debt_pct_gdp": 0.0028696705095093587,
    "fiscal_balance_pct_gdp": 0.002494502610295224,
    "interest_pct_revenue": 0.0008134151747806295,
    "shadow_debt_gap_pp": 3.52891615962303e-06,
    "current_account_pct_gdp": 0.00765774806626428,
    "reserves_to_imports_months": 0.0031687461540327866,
    "short_term_debt_pct_reserves": 0.003862398736648043,
    "external_debt_pct_gni": 0.0020083944093145845,
    "real_gdp_growth": 0.003139191481196424,
    "inflation": 0.004237566635862245,
    "gdp_per_capita_ppp": 0.026282264770168328,
    "rule_of_law": 0.0005957251591872326,
    "control_of_corruption": 0.0013123156968396943,
    "govt_effectiveness": 0.0051875067545661515,
    "regulatory_quality": 0.0004219260383284462,
    "political_stability": 0.004518115470547912,
    "voice_accountability": 0.0009364861258455926,
    "years_since_default": 0.013708736493624852,
    "default_count_25y": 0.00033127700447957984,
    "debt_chg_5y_pp": 0.000986332066599549,
    "tot_volatility_5y": 0.0017432845828270315,
    "reer_overvaluation_pct": 0.0005599948830716239,
    "reserve_currency_share": 0.001785190462221875,
    "vix_annual": 0.0010077261208168875,
    "region_default_rate": 0.008011080796741099,
    "external_liquidity_ratio": 0.0025547147422678384
  },
  "coefficients": {
    "gross_debt_pct_gdp": 0.0028696705095093587,
    "fiscal_balance_pct_gdp": -0.002494502610295224,
    "interest_pct_revenue": 0.0008134151747806295,
    "shadow_debt_gap_pp": 3.52891615962303e-06,
    "current_account_pct_gdp": -0.00765774806626428,
    "reserves_to_imports_months": -0.0031687461540327866,
    "short_term_debt_pct_reserves": 0.003862398736648043,
    "external_debt_pct_gni": 0.0020083944093145845,
    "real_gdp_growth": -0.003139191481196424,
    "inflation": 0.004237566635862245,
    "gdp_per_capita_ppp": -0.026282264770168328,
    "rule_of_law": -0.0005957251591872326,
    "control_of_corruption": -0.0013123156968396943,
    "govt_effectiveness": -0.0051875067545661515,
    "regulatory_quality": -0.0004219260383284462,
    "political_stability": -0.004518115470547912,
    "voice_accountability": -0.0009364861258455926,
    "years_since_default": -0.013708736493624852,
    "default_count_25y": 0.00033127700447957984,
    "debt_chg_5y_pp": 0.000986332066599549,
    "tot_volatility_5y": 0.0017432845828270315,
    "reer_overvaluation_pct": 0.0005599948830716239,
    "reserve_currency_share": -0.001785190462221875,
    "vix_annual": 0.0010077261208168875,
    "region_default_rate": 0.008011080796741099,
    "external_liquidity_ratio": 0.0025547147422678384
  },
  "intercept": 0.0,
  "class_balance_log_odds": -3.2438251439161494,
  "scaler": {
    "gross_debt_pct_gdp": {
      "mean": 49.35290796160361,
      "std": 31.997306725512406
    },
    "fiscal_balance_pct_gdp": {
      "mean": -1.8414455110107284,
      "std": 6.370499907875778
    },
    "interest_pct_revenue": {
      "mean": 5.783452611620537,
      "std": 4.366181401762512
    },
    "shadow_debt_gap_pp": {
      "mean": 5.722868435911915,
      "std": 2.1057423175462078
    },
    "current_account_pct_gdp": {
      "mean": 0.8369565217391305,
      "std": 13.667495688851512
    },
    "reserves_to_imports_months": {
      "mean": 4.853247897097599,
      "std": 4.235414501542347
    },
    "short_term_debt_pct_reserves": {
      "mean": 27.46737007815227,
      "std": 17.06106416166251
    },
    "external_debt_pct_gni": {
      "mean": 39.581751329643815,
      "std": 18.43594524145446
    },
    "real_gdp_growth": {
      "mean": 3.339073969508752,
      "std": 4.464161856332161
    },
    "inflation": {
      "mean": 4.270073404856013,
      "std": 4.839646342900245
    },
    "gdp_per_capita_ppp": {
      "mean": 29384.177702428005,
      "std": 26092.702947203095
    },
    "rule_of_law": {
      "mean": 0.548300868210051,
      "std": 0.7130685289947112
    },
    "control_of_corruption": {
      "mean": 0.48050611787125935,
      "std": 0.759045187350011
    },
    "govt_effectiveness": {
      "mean": 0.5246175500564654,
      "std": 0.7028040914282081
    },
    "regulatory_quality": {
      "mean": 0.5713535931677021,
      "std": 0.7098069307066114
    },
    "political_stability": {
      "mean": 0.5406111945793337,
      "std": 0.6502168341970128
    },
    "voice_accountability": {
      "mean": 0.5098911040372672,
      "std": 0.7272720249022432
    },
    "years_since_default": {
      "mean": 68.77639751552795,
      "std": 41.57021432078796
    },
    "default_count_25y": {
      "mean": 0.8063241106719368,
      "std": 1.5076888825981798
    },
    "debt_chg_5y_pp": {
      "mean": 2.3023997741389044,
      "std": 14.725822085440257
    },
    "tot_volatility_5y": {
      "mean": 0.10574853688677388,
      "std": 0.06486049170789113
    },
    "reer_overvaluation_pct": {
      "mean": 0.5373741196242411,
      "std": 5.105859322535535
    },
    "reserve_currency_share": {
      "mean": 3.1410502540937317,
      "std": 8.138122297944697
    },
    "vix_annual": {
      "mean": 19.715584557994628,
      "std": 5.874084559409069
    },
    "region_default_rate": {
      "mean": 0.25508378621483896,
      "std": 0.2214012675463233
    },
    "external_liquidity_ratio": {
      "mean": 17.94230366175126,
      "std": 44.223347307773594
    }
  },
  "medians": {
    "gross_debt_pct_gdp": 43.8,
    "fiscal_balance_pct_gdp": -2.3,
    "interest_pct_revenue": 4.95387039532298,
    "shadow_debt_gap_pp": 5.6,
    "current_account_pct_gdp": -0.4,
    "reserves_to_imports_months": 4.21712222634877,
    "short_term_debt_pct_reserves": 25.320263174128947,
    "external_debt_pct_gni": 37.19063672863745,
    "real_gdp_growth": 3.3,
    "inflation": 3.1,
    "gdp_per_capita_ppp": 22671.7395,
    "rule_of_law": 0.61564145,
    "control_of_corruption": 0.4780849,
    "govt_effectiveness": 0.511363,
    "regulatory_quality": 0.6299601,
    "political_stability": 0.7006186999999999,
    "voice_accountability": 0.6136436,
    "years_since_default": 100.0,
    "default_count_25y": 0.0,
    "debt_chg_5y_pp": 2.5999999999999996,
    "tot_volatility_5y": 0.09462930331108518,
    "reer_overvaluation_pct": 0.4418974417771948,
    "reserve_currency_share": 0.0,
    "vix_annual": 17.667408098501987,
    "region_default_rate": 0.22727272727272727,
    "external_liquidity_ratio": 1.6311347954422513
  },
  "pd_calibration": [
    {
      "bucket": 1,
      "score_lo": 0.0015938812274314718,
      "score_hi": 0.005301705237412357,
      "pd_empirical": 0.0,
      "n_obs": 177,
      "n_events": 0
    },
    {
      "bucket": 2,
      "score_lo": 0.005305193789499299,
      "score_hi": 0.006794895163326456,
      "pd_empirical": 0.0,
      "n_obs": 177,
      "n_events": 0
    },
    {
      "bucket": 3,
      "score_lo": 0.006812692296183678,
      "score_hi": 0.008766596321406365,
      "pd_empirical": 0.0,
      "n_obs": 177,
      "n_events": 0
    },
    {
      "bucket": 4,
      "score_lo": 0.00877037955347498,
      "score_hi": 0.011062035564938125,
      "pd_empirical": 0.0,
      "n_obs": 177,
      "n_events": 0
    },
    {
      "bucket": 5,
      "score_lo": 0.011089986683945905,
      "score_hi": 0.01314419004978646,
      "pd_empirical": 0.0,
      "n_obs": 177,
      "n_events": 0
    },
    {
      "bucket": 6,
      "score_lo": 0.01317438315878335,
      "score_hi": 0.015911379316900526,
      "pd_empirical": 0.0,
      "n_obs": 177,
      "n_events": 0
    },
    {
      "bucket": 7,
      "score_lo": 0.0159124104334673,
      "score_hi": 0.01832505797293559,
      "pd_empirical": 0.0,
      "n_obs": 177,
      "n_events": 0
    },
    {
      "bucket": 8,
      "score_lo": 0.01832632660106118,
      "score_hi": 0.0215631413300929,
      "pd_empirical": 0.0,
      "n_obs": 177,
      "n_events": 0
    },
    {
      "bucket": 9,
      "score_lo": 0.021618194103079205,
      "score_hi": 0.02554594086810994,