{
  "estimator": "gbm",
  "horizon_years": 1,
  "feature_importance": {
    "gross_debt_pct_gdp": 0.0027898287813990508,
    "fiscal_balance_pct_gdp": 0.0027516723754237417,
    "interest_pct_revenue": 0.0008288541829786667,
    "current_account_pct_gdp": 0.00822788858329455,
    "reserves_to_imports_months": 0.003701171379607693,
    "short_term_debt_pct_reserves": 0.002529350657370888,
    "external_debt_pct_gni": 0.0021616817049958104,
    "external_liquidity_ratio": 0.0024234831725838068,
    "real_gdp_growth": 0.003559573618704992,
    "inflation": 0.005204710220843967,
    "gdp_per_capita_ppp": 0.026547154039395938,
    "rule_of_law": 0.0007234278127115745,
    "govt_effectiveness": 0.005856898038584246,
    "political_stability": 0.004618248466575636,
    "control_of_corruption": 0.001846505380494312,
    "years_since_default": 0.0150186260606047,
    "debt_chg_5y_pp": 0.0009834648222197817,
    "tot_volatility_5y": 0.0018431970215947225,
    "reserve_currency_share": 0.0013487076447351587,
    "region_default_rate": 0.009158971056270792,
    "vix_annual": 0.0007689728868960022
  },
  "coefficients": {
    "gross_debt_pct_gdp": 0.0027898287813990508,
    "fiscal_balance_pct_gdp": -0.0027516723754237417,
    "interest_pct_revenue": 0.0008288541829786667,
    "current_account_pct_gdp": -0.00822788858329455,
    "reserves_to_imports_months": -0.003701171379607693,
    "short_term_debt_pct_reserves": 0.002529350657370888,
    "external_debt_pct_gni": 0.0021616817049958104,
    "external_liquidity_ratio": 0.0024234831725838068,
    "real_gdp_growth": -0.003559573618704992,
    "inflation": 0.005204710220843967,
    "gdp_per_capita_ppp": -0.026547154039395938,
    "rule_of_law": -0.0007234278127115745,
    "govt_effectiveness": -0.005856898038584246,
    "political_stability": -0.004618248466575636,
    "control_of_corruption": -0.001846505380494312,
    "years_since_default": -0.0150186260606047,
    "debt_chg_5y_pp": 0.0009834648222197817,
    "tot_volatility_5y": 0.0018431970215947225,
    "reserve_currency_share": -0.0013487076447351587,
    "region_default_rate": 0.009158971056270792,
    "vix_annual": 0.0007689728868960022
  },
  "intercept": 0.0,
  "class_balance_log_odds": -3.2438251439161494,
  "scaler": {
    "gross_debt_pct_gdp": {
      "mean": 49.35290796160361,
      "std": 31.997306725512406
    },
    "fiscal_balance_pct_gdp": {
      "mean": -1.8414455110107284,
      "std": 6.370499907875778
    },
    "interest_pct_revenue": {
      "mean": 5.783452611620537,
      "std": 4.366181401762512
    },
    "current_account_pct_gdp": {
      "mean": 0.8369565217391305,
      "std": 13.667495688851512
    },
    "reserves_to_imports_months": {
      "mean": 4.853247897097599,
      "std": 4.235414501542347
    },
    "short_term_debt_pct_reserves": {
      "mean": 27.46737007815227,
      "std": 17.06106416166251
    },
    "external_debt_pct_gni": {
      "mean": 39.581751329643815,
      "std": 18.43594524145446
    },
    "external_liquidity_ratio": {
      "mean": 17.94230366175126,
      "std": 44.223347307773594
    },
    "real_gdp_growth": {
      "mean": 3.339073969508752,
      "std": 4.464161856332161
    },
    "inflation": {
      "mean": 4.270073404856013,
      "std": 4.839646342900245
    },
    "gdp_per_capita_ppp": {
      "mean": 29384.177702428005,
      "std": 26092.702947203095
    },
    "rule_of_law": {
      "mean": 0.548300868210051,
      "std": 0.7130685289947112
    },
    "govt_effectiveness": {
      "mean": 0.5246175500564654,
      "std": 0.7028040914282081
    },
    "political_stability": {
      "mean": 0.5406111945793337,
      "std": 0.6502168341970128
    },
    "control_of_corruption": {
      "mean": 0.48050611787125935,
      "std": 0.759045187350011
    },
    "years_since_default": {
      "mean": 68.77639751552795,
      "std": 41.57021432078796
    },
    "debt_chg_5y_pp": {
      "mean": 2.3023997741389044,
      "std": 14.725822085440257
    },
    "tot_volatility_5y": {
      "mean": 0.10574853688677388,
      "std": 0.06486049170789113
    },
    "reserve_currency_share": {
      "mean": 3.1410502540937317,
      "std": 8.138122297944697
    },
    "region_default_rate": {
      "mean": 0.25508378621483896,
      "std": 0.2214012675463233
    },
    "vix_annual": {
      "mean": 19.715584557994628,
      "std": 5.874084559409069
    }
  },
  "medians": {
    "gross_debt_pct_gdp": 43.8,
    "fiscal_balance_pct_gdp": -2.3,
    "interest_pct_revenue": 4.95387039532298,
    "current_account_pct_gdp": -0.4,
    "reserves_to_imports_months": 4.21712222634877,
    "short_term_debt_pct_reserves": 25.320263174128947,
    "external_debt_pct_gni": 37.19063672863745,
    "external_liquidity_ratio": 1.6311347954422513,
    "real_gdp_growth": 3.3,
    "inflation": 3.1,
    "gdp_per_capita_ppp": 22671.7395,
    "rule_of_law": 0.61564145,
    "govt_effectiveness": 0.511363,
    "political_stability": 0.7006186999999999,
    "control_of_corruption": 0.4780849,
    "years_since_default": 100.0,
    "debt_chg_5y_pp": 2.5999999999999996,
    "tot_volatility_5y": 0.09462930331108518,
    "reserve_currency_share": 0.0,
    "region_default_rate": 0.22727272727272727,
    "vix_annual": 17.667408098501987
  },
  "pd_calibration": [
    {
      "bucket": 1,
      "score_lo": 0.0017791538385421557,
      "score_hi": 0.005187310472252931,
      "pd_empirical": 0.0,
      "n_obs": 177,
      "n_events": 0
    },
    {
      "bucket": 2,
      "score_lo": 0.005202245664585758,
      "score_hi": 0.006424557124452136,
      "pd_empirical": 0.0,
      "n_obs": 177,
      "n_events": 0
    },
    {
      "bucket": 3,
      "score_lo": 0.006426335854740728,
      "score_hi": 0.008051794968412497,
      "pd_empirical": 0.0,
      "n_obs": 177,
      "n_events": 0
    },
    {
      "bucket": 4,
      "score_lo": 0.00810861882535993,
      "score_hi": 0.010201836122432601,
      "pd_empirical": 0.0,
      "n_obs": 177,
      "n_events": 0
    },
    {
      "bucket": 5,
      "score_lo": 0.010204944544867532,
      "score_hi": 0.012526913387079138,
      "pd_empirical": 0.0,
      "n_obs": 177,
      "n_events": 0
    },
    {
      "bucket": 6,
      "score_lo": 0.012535072364739571,
      "score_hi": 0.014883972172241203,
      "pd_empirical": 0.0,
      "n_obs": 177,
      "n_events": 0
    },
    {
      "bucket": 7,
      "score_lo": 0.01489234228508707,
      "score_hi": 0.01718056309510263,
      "pd_empirical": 0.0,
      "n_obs": 177,
      "n_events": 0
    },
    {
      "bucket": 8,
      "score_lo": 0.017187398472835,
      "score_hi": 0.019891602292906152,
      "pd_empirical": 0.0,
      "n_obs": 177,
      "n_events": 0
    },
    {
      "bucket": 9,
      "score_lo": 0.019902248699584277,
      "score_hi": 0.023622961885098524,
      "pd_empirical": 0.0,
      "n_obs": 177,
      "n_events": 0
    },
    {
      "bucket": 10,
      "score_lo": 0.023650247509775558,
      "score_hi": 0.026341240503647854,
      "pd_empirical": 0.0,
      "n_obs": 178,
      "n_events": 0
    },
    {
      "bucket": 11,
      "score_lo": 0.026341240503647854,
      "score_hi": 0.0321395027960544,
      "pd_empirical": 0.0,
      "n_obs": 177,
      "n_events": 0
    },
    {
      "bucket": 12,
      "score_lo": 0.03216737718373698,
      "score_hi": 0.04060084526290263,
      "pd_empirical": 0.0,
      "n_obs": 177,
      "n_events": 0
    },
    {
      "bucket": 13,
      "score_lo": 0.04060333918523813,
      "score_hi": 0.054732697307952806,
      "pd_empirical": 0.0,
      "n_obs": 177,
      "n_events": 0
    },
    {
      "bucket": 14,
      "score_lo": 0.054804311462387574,
      "score_hi": 0.08127271845218627,
      "pd_empirical": 0.0,
      "n_obs": 177,
      "n_events": 0
    },
    {
      "bucket": 15,
      "score_lo": 0.0812807890188128,
      "score_hi": 0.12804597150210056,
      "pd_empirical": 0.0,
      "n_obs": 177,
      "n_events": 0
    },
    {
      "bucket": 16,