{
  "estimator": "gbm",
  "cadence": "quarterly",
  "horizon_quarters": 20,
  "feature_importance": {
    "gross_debt_pct_gdp": 0.010263310277767057,
    "fiscal_balance_pct_gdp": 0.002115269506639894,
    "interest_pct_revenue": 0.0013892064676286787,
    "current_account_pct_gdp": 0.006229168243721506,
    "reserves_to_imports_months": 0.007614784879315195,
    "short_term_debt_pct_reserves": 0.002143022420061813,
    "external_debt_pct_gni": 0.005406355329378698,
    "external_liquidity_ratio": 0.0021614495741756556,
    "real_gdp_growth": 0.003053357000211454,
    "inflation": 0.001967081630439238,
    "gdp_per_capita_ppp_log": 0.02666571132911961,
    "rule_of_law": 0.001116184133410547,
    "govt_effectiveness": 0.008903690659491148,
    "political_stability": 0.0037655679699577283,
    "control_of_corruption": 0.0031778890538997294,
    "years_since_default": 0.009619159792008159,
    "debt_chg_5y_pp": 0.0017958524953624044,
    "fiscal_balance_chg_3y": 0.0020714111239529044,
    "tot_volatility_5y": 0.0015083049983727781,
    "reserve_currency_share": 0.000825115089234596,
    "region_default_rate": 0.01274134791949717,
    "vix_annual": 0.0007977231100119387
  },
  "coefficients": {
    "gross_debt_pct_gdp": 0.010263310277767057,
    "fiscal_balance_pct_gdp": -0.002115269506639894,
    "interest_pct_revenue": 0.0013892064676286787,
    "current_account_pct_gdp": -0.006229168243721506,
    "reserves_to_imports_months": -0.007614784879315195,
    "short_term_debt_pct_reserves": 0.002143022420061813,
    "external_debt_pct_gni": 0.005406355329378698,
    "external_liquidity_ratio": 0.0021614495741756556,
    "real_gdp_growth": -0.003053357000211454,
    "inflation": 0.001967081630439238,
    "gdp_per_capita_ppp_log": -0.02666571132911961,
    "rule_of_law": -0.001116184133410547,
    "govt_effectiveness": -0.008903690659491148,
    "political_stability": -0.0037655679699577283,
    "control_of_corruption": -0.0031778890538997294,
    "years_since_default": -0.009619159792008159,
    "debt_chg_5y_pp": 0.0017958524953624044,
    "fiscal_balance_chg_3y": -0.0020714111239529044,
    "tot_volatility_5y": 0.0015083049983727781,
    "reserve_currency_share": -0.000825115089234596,
    "region_default_rate": 0.01274134791949717,
    "vix_annual": 0.0007977231100119387
  },
  "intercept": 0.0,
  "class_balance_log_odds": -2.03603113490939,
  "scaler": {
    "gross_debt_pct_gdp": {
      "mean": 49.35290796160361,
      "std": 31.993918675731315
    },
    "fiscal_balance_pct_gdp": {
      "mean": -1.8414455110107284,
      "std": 6.369825364514751
    },
    "interest_pct_revenue": {
      "mean": 5.783452611620537,
      "std": 4.365719086603521
    },
    "current_account_pct_gdp": {
      "mean": 0.8369565217391307,
      "std": 13.666048499680823
    },
    "reserves_to_imports_months": {
      "mean": 4.8532478970976,
      "std": 4.234966032697369
    },
    "short_term_debt_pct_reserves": {
      "mean": 137.33267979717547,
      "std": 1473.231973038342
    },
    "external_debt_pct_gni": {
      "mean": 39.581751329643815,
      "std": 18.433993142774977
    },
    "external_liquidity_ratio": {
      "mean": 17.942303661751264,
      "std": 44.218664697969835
    },
    "real_gdp_growth": {
      "mean": 3.339073969508752,
      "std": 4.463689166466944
    },
    "inflation": {
      "mean": 4.2700734048560145,
      "std": 4.839133894684632
    },
    "gdp_per_capita_ppp_log": {
      "mean": 9.867178806511905,
      "std": 1.0077352066166505
    },
    "rule_of_law": {
      "mean": 0.548300868210051,
      "std": 0.7129930254002154
    },
    "govt_effectiveness": {
      "mean": 0.5246175500564654,
      "std": 0.7027296746883802
    },
    "political_stability": {
      "mean": 0.5406111945793337,
      "std": 0.6501479856835038
    },
    "control_of_corruption": {
      "mean": 0.4805061178712593,
      "std": 0.7589648154955428
    },
    "years_since_default": {
      "mean": 68.77639751552795,
      "std": 41.56581263921011
    },
    "debt_chg_5y_pp": {
      "mean": 2.302399774138905,
      "std": 14.724262834883943
    },
    "fiscal_balance_chg_3y": {
      "mean": -0.1513551665725579,
      "std": 5.951289853452049
    },
    "tot_volatility_5y": {
      "mean": 0.10574853688677388,
      "std": 0.0648536239244011
    },
    "reserve_currency_share": {
      "mean": 3.141050254093733,
      "std": 8.137260589060563
    },
    "region_default_rate": {
      "mean": 0.25508378621483896,
      "std": 0.22137782436960532
    },
    "vix_annual": {
      "mean": 19.715584557994628,
      "std": 5.873462579219386
    }
  },
  "medians": {
    "gross_debt_pct_gdp": 43.8,
    "fiscal_balance_pct_gdp": -2.3,
    "interest_pct_revenue": 4.95387039532298,
    "current_account_pct_gdp": -0.4,
    "reserves_to_imports_months": 4.21712222634877,
    "short_term_debt_pct_reserves": 31.6377915902306,
    "external_debt_pct_gni": 37.19063672863745,
    "external_liquidity_ratio": 1.6311347954422513,
    "real_gdp_growth": 3.3,
    "inflation": 3.1,
    "gdp_per_capita_ppp_log": 10.028874470849477,
    "rule_of_law": 0.61564145,
    "govt_effectiveness": 0.511363,
    "political_stability": 0.7006186999999999,
    "control_of_corruption": 0.4780849,
    "years_since_default": 100.0,
    "debt_chg_5y_pp": 2.5999999999999996,
    "fiscal_balance_chg_3y": 0.1499999999999999,
    "tot_volatility_5y": 0.09462930331108518,
    "reserve_currency_share": 0.0,
    "region_default_rate": 0.22727272727272727,
    "vix_annual": 17.667408098501987
  },
  "pd_calibration": [
    {
      "bucket": 1,
      "score_lo": 0.0017468915288618683,
      "score_hi": 0.0052531354942827865,
      "pd_empirical": 0.0,
      "n_obs": 708,
      "n_events": 0
    },
    {
      "bucket": 2,
      "score_lo": 0.0052531354942827865,
      "score_hi": 0.007235644943133031,
      "pd_empirical": 0.0,
      "n_obs": 708,
      "n_events": 0
    },
    {
      "bucket": 3,
      "score_lo": 0.007242460245417487,
      "score_hi": 0.009062263959717364,
      "pd_empirical": 0.0,
      "n_obs": 709,
      "n_events": 0
    },
    {
      "bucket": 4,
      "score_lo": 0.009062263959717364,
      "score_hi": 0.011745237854944433,
      "pd_empirical": 0.0,
      "n_obs": 708,
      "n_events": 0
    },
    {
      "bucket": 5,
      "score_lo": 0.011745237854944433,
      "score_hi": 0.016606518671354365,
      "pd_empirical": 0.0,
      "n_obs": 709,
      "n_events": 0
    },
    {
      "bucket": 6,
      "score_lo": 0.016606518671354365,
      "score_hi": 0.024811134665541232,
      "pd_empirical": 0.0,
      "n_obs": 708,
      "n_events": 0
    },
    {
      "bucket": 7,
      "score_lo": 0.024811134665541232,
      "score_hi": 0.03243368614375798,
      "pd_empirical": 0.0,
      "n_obs": 708,
      "n_events": 0
    },
    {
      "bucket": 8,
      "score_lo": 0.03243368614375798,
      "score_hi": 0.040873155939199546,
      "pd_empirical": 0.0,
      "n_obs": 709,
      "n_events": 0
    },
    {
      "bucket": 9,
      "score_lo": 0.040873155939199546,
      "score_hi": 0.051092733624969765,
      "pd_empirical": 0.0,
      "n_obs": 708,
      "n_events": 0
    },
    {
      "bucket": 10,
      "score_lo": 0.051092733624969765,
      "score_hi": 0.06445976326982908,
      "pd_empirical": 0.0,
      "n_obs": 709,
      "n_events": 0
    },
    {
      "bucket": 11,
      "score_lo": 0.06445976326982908,
      "score_hi": 0.07554073647289054,
      "pd_empirical": 0.0,
      "n_obs": 708,
      "n_events": 0
    },
    {
      "bucket": 12,
      "score_lo": 0.07554073647289054,
      "score_hi": 0.09268048540770331,
      "pd_empirical": 0.0,
      "n_obs": 708,
      "n_events": 0
    },
    {
      "bucket": 13,
      "score_lo": 0.09268048540770331,
      "score_hi": 0.13467726699242824,
      "pd_empirical": 0.0,
      "n_obs": 709,
      "n_events": 0
    },
    {
      "bucket": 14,
      "score_lo": 0.13467726699242824,
      "score_hi": 0.198663320412927,