{
  "estimator": "gbm",
  "cadence": "quarterly",
  "horizon_quarters": 20,
  "feature_importance": {
    "gross_debt_pct_gdp": 0.011550864993440713,
    "fiscal_balance_pct_gdp": 0.0016809095853977496,
    "interest_pct_revenue": 0.0015835353914516403,
    "current_account_pct_gdp": 0.006930043928618468,
    "reserves_to_imports_months": 0.005700541089139355,
    "short_term_debt_pct_reserves": 0.0027343692079815794,
    "external_debt_pct_gni": 0.00503409560034862,
    "external_liquidity_ratio": 0.002231300096691302,
    "real_gdp_growth": 0.0022782703174738074,
    "inflation": 0.0013119665490085365,
    "gdp_per_capita_ppp": 0.03200736188706541,
    "rule_of_law": 0.0012579434788749567,
    "govt_effectiveness": 0.009453354424897142,
    "political_stability": 0.002659285139578116,
    "control_of_corruption": 0.002341604514447826,
    "years_since_default": 0.016940168620653794,
    "debt_chg_5y_pp": 0.001175621216531586,
    "fiscal_balance_chg_3y": 0.0012708932126421102,
    "tot_volatility_5y": 0.0014251242979341772,
    "reserve_currency_share": 0.0007911384996218462,
    "region_default_rate": 0.011581188343659132,
    "vix_annual": 0.0006878869312164193
  },
  "coefficients": {
    "gross_debt_pct_gdp": 0.011550864993440713,
    "fiscal_balance_pct_gdp": -0.0016809095853977496,
    "interest_pct_revenue": 0.0015835353914516403,
    "current_account_pct_gdp": -0.006930043928618468,
    "reserves_to_imports_months": -0.005700541089139355,
    "short_term_debt_pct_reserves": 0.0027343692079815794,
    "external_debt_pct_gni": 0.00503409560034862,
    "external_liquidity_ratio": 0.002231300096691302,
    "real_gdp_growth": -0.0022782703174738074,
    "inflation": 0.0013119665490085365,
    "gdp_per_capita_ppp": -0.03200736188706541,
    "rule_of_law": -0.0012579434788749567,
    "govt_effectiveness": -0.009453354424897142,
    "political_stability": -0.002659285139578116,
    "control_of_corruption": -0.002341604514447826,
    "years_since_default": -0.016940168620653794,
    "debt_chg_5y_pp": 0.001175621216531586,
    "fiscal_balance_chg_3y": -0.0012708932126421102,
    "tot_volatility_5y": 0.0014251242979341772,
    "reserve_currency_share": -0.0007911384996218462,
    "region_default_rate": 0.011581188343659132,
    "vix_annual": 0.0006878869312164193
  },
  "intercept": 0.0,
  "class_balance_log_odds": -2.03603113490939,
  "scaler": {
    "gross_debt_pct_gdp": {
      "mean": 49.35290796160361,
      "std": 31.993918675731315
    },
    "fiscal_balance_pct_gdp": {
      "mean": -1.8414455110107284,
      "std": 6.369825364514751
    },
    "interest_pct_revenue": {
      "mean": 5.783452611620537,
      "std": 4.365719086603521
    },
    "current_account_pct_gdp": {
      "mean": 0.8369565217391307,
      "std": 13.666048499680823
    },
    "reserves_to_imports_months": {
      "mean": 4.8532478970976,
      "std": 4.234966032697369
    },
    "short_term_debt_pct_reserves": {
      "mean": 137.33267979717547,
      "std": 1473.231973038342
    },
    "external_debt_pct_gni": {
      "mean": 39.581751329643815,
      "std": 18.433993142774977
    },
    "external_liquidity_ratio": {
      "mean": 17.942303661751264,
      "std": 44.218664697969835
    },
    "real_gdp_growth": {
      "mean": 3.339073969508752,
      "std": 4.463689166466944
    },
    "inflation": {
      "mean": 4.2700734048560145,
      "std": 4.839133894684632
    },
    "gdp_per_capita_ppp": {
      "mean": 29384.17770242801,
      "std": 26089.94010915252
    },
    "rule_of_law": {
      "mean": 0.548300868210051,
      "std": 0.7129930254002154
    },
    "govt_effectiveness": {
      "mean": 0.5246175500564654,
      "std": 0.7027296746883802
    },
    "political_stability": {
      "mean": 0.5406111945793337,
      "std": 0.6501479856835038
    },
    "control_of_corruption": {
      "mean": 0.4805061178712593,
      "std": 0.7589648154955428
    },
    "years_since_default": {
      "mean": 68.77639751552795,
      "std": 41.56581263921011
    },
    "debt_chg_5y_pp": {
      "mean": 2.302399774138905,
      "std": 14.724262834883943
    },
    "fiscal_balance_chg_3y": {
      "mean": -0.1513551665725579,
      "std": 5.951289853452049
    },
    "tot_volatility_5y": {
      "mean": 0.10574853688677388,
      "std": 0.0648536239244011
    },
    "reserve_currency_share": {
      "mean": 3.141050254093733,
      "std": 8.137260589060563
    },
    "region_default_rate": {
      "mean": 0.25508378621483896,
      "std": 0.22137782436960532
    },
    "vix_annual": {
      "mean": 19.715584557994628,
      "std": 5.873462579219386
    }
  },
  "medians": {
    "gross_debt_pct_gdp": 43.8,
    "fiscal_balance_pct_gdp": -2.3,
    "interest_pct_revenue": 4.95387039532298,
    "current_account_pct_gdp": -0.4,
    "reserves_to_imports_months": 4.21712222634877,
    "short_term_debt_pct_reserves": 31.6377915902306,
    "external_debt_pct_gni": 37.19063672863745,
    "external_liquidity_ratio": 1.6311347954422513,
    "real_gdp_growth": 3.3,
    "inflation": 3.1,
    "gdp_per_capita_ppp": 22671.7395,
    "rule_of_law": 0.61564145,
    "govt_effectiveness": 0.511363,
    "political_stability": 0.7006186999999999,
    "control_of_corruption": 0.4780849,
    "years_since_default": 100.0,
    "debt_chg_5y_pp": 2.5999999999999996,
    "fiscal_balance_chg_3y": 0.1499999999999999,
    "tot_volatility_5y": 0.09462930331108518,
    "reserve_currency_share": 0.0,
    "region_default_rate": 0.22727272727272727,
    "vix_annual": 17.667408098501987
  },
  "pd_calibration": [
    {
      "bucket": 1,
      "score_lo": 0.0017595940955152643,
      "score_hi": 0.005088150593365559,
      "pd_empirical": 0.0,
      "n_obs": 708,
      "n_events": 0
    },
    {
      "bucket": 2,
      "score_lo": 0.005097235418463491,
      "score_hi": 0.006926254465619007,
      "pd_empirical": 0.0,
      "n_obs": 708,
      "n_events": 0
    },
    {
      "bucket": 3,
      "score_lo": 0.006926254465619007,
      "score_hi": 0.009123852097659995,
      "pd_empirical": 0.0,
      "n_obs": 709,
      "n_events": 0
    },
    {
      "bucket": 4,
      "score_lo": 0.009136287835839491,
      "score_hi": 0.011668884443786826,
      "pd_empirical": 0.0,
      "n_obs": 708,
      "n_events": 0
    },
    {
      "bucket": 5,
      "score_lo": 0.011668884443786826,
      "score_hi": 0.01450084878311167,
      "pd_empirical": 0.0,
      "n_obs": 709,
      "n_events": 0
    },
    {
      "bucket": 6,
      "score_lo": 0.01450084878311167,
      "score_hi": 0.019406550613226024,
      "pd_empirical": 0.0,
      "n_obs": 708,
      "n_events": 0
    },
    {
      "bucket": 7,
      "score_lo": 0.019406550613226024,
      "score_hi": 0.02571769376600204,
      "pd_empirical": 0.0,
      "n_obs": 708,
      "n_events": 0
    },
    {
      "bucket": 8,
      "score_lo": 0.02571769376600204,
      "score_hi": 0.031992384738056996,
      "pd_empirical": 0.0,
      "n_obs": 709,
      "n_events": 0
    },
    {
      "bucket": 9,
      "score_lo": 0.03199440625755632,
      "score_hi": 0.039369301088241555,
      "pd_empirical": 0.0,
      "n_obs": 708,
      "n_events": 0
    },
    {
      "bucket": 10,
      "score_lo": 0.039369301088241555,
      "score_hi": 0.04811328140236493,
      "pd_empirical": 0.0,
      "n_obs": 709,
      "n_events": 0
    },
    {
      "bucket": 11,
      "score_lo": 0.04811328140236493,
      "score_hi": 0.06058378902628477,
      "pd_empirical": 0.0,
      "n_obs": 708,
      "n_events": 0
    },
    {
      "bucket": 12,
      "score_lo": 0.06058378902628477,
      "score_hi": 0.07045870693888653,
      "pd_empirical": 0.0,
      "n_obs": 708,
      "n_events": 0
    },
    {
      "bucket": 13,
      "score_lo": 0.07045870693888653,
      "score_hi": 0.10000411798910583,
      "pd_empirical": 0.0,
      "n_obs": 709,
      "n_events": 0
    },
    {
      "bucket": 14,
      "score_lo": 0.10013148589172793,
      "score_hi": 0.14837402982478703,
      "pd_empirical": 0.0,