{
  "estimator": "gbm",
  "horizon_years": 1,
  "feature_importance": {
    "gross_debt_pct_gdp": 0.0034706890429359372,
    "fiscal_balance_pct_gdp": 0.0039541505567968205,
    "interest_pct_revenue": 0.0013326069647572104,
    "shadow_debt_gap_pp": 1.4997893678192486e-05,
    "current_account_pct_gdp": 0.015328398732236903,
    "reserves_to_imports_months": 0.005363511448024638,
    "short_term_debt_pct_reserves": 0.002438811902152005,
    "external_debt_pct_gni": 0.0030976164376915194,
    "real_gdp_growth": 0.003294132956327467,
    "inflation": 0.0046448256164024595,
    "gdp_per_capita_ppp": 0.03303793364314278,
    "rule_of_law": 0.00044607705829556864,
    "control_of_corruption": 0.00126213892019581,
    "govt_effectiveness": 0.006914580378785051,
    "regulatory_quality": 0.0009750836463408797,
    "political_stability": 0.005609543071524559,
    "voice_accountability": 0.00047882981140149326,
    "years_since_default": 0.020924377532273043,
    "default_count_25y": 0.0008638125086844917,
    "debt_chg_5y_pp": 0.0009835751008498317,
    "tot_volatility_5y": 0.0018773833968906528,
    "reer_overvaluation_pct": 0.0007739354252454423,
    "reserve_currency_share": 0.0011373035110510687
  },
  "coefficients": {
    "gross_debt_pct_gdp": 0.0034706890429359372,
    "fiscal_balance_pct_gdp": -0.0039541505567968205,
    "interest_pct_revenue": 0.0013326069647572104,
    "shadow_debt_gap_pp": 1.4997893678192486e-05,
    "current_account_pct_gdp": -0.015328398732236903,
    "reserves_to_imports_months": -0.005363511448024638,
    "short_term_debt_pct_reserves": 0.002438811902152005,
    "external_debt_pct_gni": 0.0030976164376915194,
    "real_gdp_growth": -0.003294132956327467,
    "inflation": 0.0046448256164024595,
    "gdp_per_capita_ppp": -0.03303793364314278,
    "rule_of_law": -0.00044607705829556864,
    "control_of_corruption": -0.00126213892019581,
    "govt_effectiveness": -0.006914580378785051,
    "regulatory_quality": -0.0009750836463408797,
    "political_stability": -0.005609543071524559,
    "voice_accountability": -0.00047882981140149326,
    "years_since_default": -0.020924377532273043,
    "default_count_25y": 0.0008638125086844917,
    "debt_chg_5y_pp": 0.0009835751008498317,
    "tot_volatility_5y": 0.0018773833968906528,
    "reer_overvaluation_pct": 0.0007739354252454423,
    "reserve_currency_share": -0.0011373035110510687
  },
  "intercept": 0.0,
  "class_balance_log_odds": -3.2438251439161494,
  "scaler": {
    "gross_debt_pct_gdp": {
      "mean": 49.35290796160361,
      "std": 31.997306725512406
    },
    "fiscal_balance_pct_gdp": {
      "mean": -1.8414455110107284,
      "std": 6.370499907875778
    },
    "interest_pct_revenue": {
      "mean": 5.783452611620537,
      "std": 4.366181401762512
    },
    "shadow_debt_gap_pp": {
      "mean": 5.722868435911915,
      "std": 2.1057423175462078
    },
    "current_account_pct_gdp": {
      "mean": 0.8369565217391305,
      "std": 13.667495688851512
    },
    "reserves_to_imports_months": {
      "mean": 4.853247897097599,
      "std": 4.235414501542347
    },
    "short_term_debt_pct_reserves": {
      "mean": 27.46737007815227,
      "std": 17.06106416166251
    },
    "external_debt_pct_gni": {
      "mean": 39.581751329643815,
      "std": 18.43594524145446
    },
    "real_gdp_growth": {
      "mean": 3.339073969508752,
      "std": 4.464161856332161
    },
    "inflation": {
      "mean": 4.270073404856013,
      "std": 4.839646342900245
    },
    "gdp_per_capita_ppp": {
      "mean": 29384.177702428005,
      "std": 26092.702947203095
    },
    "rule_of_law": {
      "mean": 0.548300868210051,
      "std": 0.7130685289947112
    },
    "control_of_corruption": {
      "mean": 0.48050611787125935,
      "std": 0.759045187350011
    },
    "govt_effectiveness": {
      "mean": 0.5246175500564654,
      "std": 0.7028040914282081
    },
    "regulatory_quality": {
      "mean": 0.5713535931677021,
      "std": 0.7098069307066114
    },
    "political_stability": {
      "mean": 0.5406111945793337,
      "std": 0.6502168341970128
    },
    "voice_accountability": {
      "mean": 0.5098911040372672,
      "std": 0.7272720249022432
    },
    "years_since_default": {
      "mean": 68.77639751552795,
      "std": 41.57021432078796
    },
    "default_count_25y": {
      "mean": 0.8063241106719368,
      "std": 1.5076888825981798
    },
    "debt_chg_5y_pp": {
      "mean": 2.3023997741389044,
      "std": 14.725822085440257
    },
    "tot_volatility_5y": {
      "mean": 0.10574853688677388,
      "std": 0.06486049170789113
    },
    "reer_overvaluation_pct": {
      "mean": 0.5373741196242411,
      "std": 5.105859322535535
    },
    "reserve_currency_share": {
      "mean": 3.1410502540937317,
      "std": 8.138122297944697
    }
  },
  "medians": {
    "gross_debt_pct_gdp": 43.8,
    "fiscal_balance_pct_gdp": -2.3,
    "interest_pct_revenue": 4.95387039532298,
    "shadow_debt_gap_pp": 5.6,
    "current_account_pct_gdp": -0.4,
    "reserves_to_imports_months": 4.21712222634877,
    "short_term_debt_pct_reserves": 25.320263174128947,
    "external_debt_pct_gni": 37.19063672863745,
    "real_gdp_growth": 3.3,
    "inflation": 3.1,
    "gdp_per_capita_ppp": 22671.7395,
    "rule_of_law": 0.61564145,
    "control_of_corruption": 0.4780849,
    "govt_effectiveness": 0.511363,
    "regulatory_quality": 0.6299601,
    "political_stability": 0.7006186999999999,
    "voice_accountability": 0.6136436,
    "years_since_default": 100.0,
    "default_count_25y": 0.0,
    "debt_chg_5y_pp": 2.5999999999999996,
    "tot_volatility_5y": 0.09462930331108518,
    "reer_overvaluation_pct": 0.4418974417771948,
    "reserve_currency_share": 0.0
  },
  "pd_calibration": [
    {
      "bucket": 1,
      "score_lo": 0.001465902162451302,
      "score_hi": 0.004576972734066517,
      "pd_empirical": 0.0,
      "n_obs": 177,
      "n_events": 0
    },
    {
      "bucket": 2,
      "score_lo": 0.004583050727347681,
      "score_hi": 0.006756553694952417,
      "pd_empirical": 0.0,
      "n_obs": 177,
      "n_events": 0
    },
    {
      "bucket": 3,
      "score_lo": 0.006799950239685943,
      "score_hi": 0.008740613681109606,
      "pd_empirical": 0.0,
      "n_obs": 177,
      "n_events": 0
    },
    {
      "bucket": 4,
      "score_lo": 0.008750943954755395,
      "score_hi": 0.011282033641158193,
      "pd_empirical": 0.0,
      "n_obs": 177,
      "n_events": 0
    },
    {
      "bucket": 5,
      "score_lo": 0.01129718587887529,
      "score_hi": 0.015172867263845272,
      "pd_empirical": 0.0,
      "n_obs": 177,
      "n_events": 0
    },
    {
      "bucket": 6,
      "score_lo": 0.015181382065644252,
      "score_hi": 0.019745054134505512,
      "pd_empirical": 0.0,
      "n_obs": 177,
      "n_events": 0
    },
    {
      "bucket": 7,
      "score_lo": 0.019753969492828816,
      "score_hi": 0.02458076538484217,
      "pd_empirical": 0.0,
      "n_obs": 177,
      "n_events": 0
    },
    {
      "bucket": 8,
      "score_lo": 0.024582401601154408,
      "score_hi": 0.02906462387037382,
      "pd_empirical": 0.0,
      "n_obs": 177,
      "n_events": 0
    },
    {
      "bucket": 9,
      "score_lo": 0.02908235024751802,
      "score_hi": 0.03419603434278639,
      "pd_empirical": 0.0,
      "n_obs": 177,
      "n_events": 0
    },
    {
      "bucket": 10,
      "score_lo": 0.03423548459911713,
      "score_hi": 0.041267289675032244,
      "pd_empirical": 0.0,
      "n_obs": 178,
      "n_events": 0
    },
    {
      "bucket": 11,
      "score_lo": 0.04127938601450909,
      "score_hi": 0.051686168967691834,
      "pd_empirical": 0.0,
      "n_obs": 177,
      "n_events": 0
    },
    {
      "bucket": 12,
      "score_lo": 0.05189273026073914,
      "score_hi": 0.060506248696198334,
      "pd_empirical": 0.005649717514124294,
      "n_obs": 177,
      "n_events": 1
    },
    {
      "bucket": 13,
      "score_lo": 0.060506248696198334,