{
  "estimator": "gbm",
  "cadence": "quarterly",
  "horizon_quarters": 4,
  "feature_importance": {
    "gross_debt_pct_gdp": 0.0025759709481977698,
    "fiscal_balance_pct_gdp": 0.00411278636603245,
    "interest_pct_revenue": 0.0007926276530281662,
    "current_account_pct_gdp": 0.007512731667831974,
    "reserves_to_imports_months": 0.005007008206935648,
    "short_term_debt_pct_reserves": 0.002528854403536007,
    "external_debt_pct_gni": 0.001795391235495658,
    "external_liquidity_ratio": 0.001814579717113274,
    "real_gdp_growth": 0.0017250610392217647,
    "inflation": 0.0030784555257313607,
    "gdp_per_capita_ppp": 0.02384177111890906,
    "rule_of_law": 0.0007285557690060118,
    "govt_effectiveness": 0.00417539705820733,
    "political_stability": 0.0049445905023632886,
    "control_of_corruption": 0.0025968411789227376,
    "years_since_default": 0.014722417660460918,
    "debt_chg_5y_pp": 0.001562207072389099,
    "tot_volatility_5y": 0.0024293003703156346,
    "reserve_currency_share": 0.0014752248029872516,
    "region_default_rate": 0.008871198971321003,
    "vix_annual": 0.000597089857233346
  },
  "coefficients": {
    "gross_debt_pct_gdp": 0.0025759709481977698,
    "fiscal_balance_pct_gdp": -0.00411278636603245,
    "interest_pct_revenue": 0.0007926276530281662,
    "current_account_pct_gdp": -0.007512731667831974,
    "reserves_to_imports_months": -0.005007008206935648,
    "short_term_debt_pct_reserves": 0.002528854403536007,
    "external_debt_pct_gni": 0.001795391235495658,
    "external_liquidity_ratio": 0.001814579717113274,
    "real_gdp_growth": -0.0017250610392217647,
    "inflation": 0.0030784555257313607,
    "gdp_per_capita_ppp": -0.02384177111890906,
    "rule_of_law": -0.0007285557690060118,
    "govt_effectiveness": -0.00417539705820733,
    "political_stability": -0.0049445905023632886,
    "control_of_corruption": -0.0025968411789227376,
    "years_since_default": -0.014722417660460918,
    "debt_chg_5y_pp": 0.001562207072389099,
    "tot_volatility_5y": 0.0024293003703156346,
    "reserve_currency_share": -0.0014752248029872516,
    "region_default_rate": 0.008871198971321003,
    "vix_annual": 0.000597089857233346
  },
  "intercept": 0.0,
  "class_balance_log_odds": -3.2438251439161494,
  "scaler": {
    "gross_debt_pct_gdp": {
      "mean": 49.35290796160361,
      "std": 31.993918675731315
    },
    "fiscal_balance_pct_gdp": {
      "mean": -1.8414455110107284,
      "std": 6.369825364514751
    },
    "interest_pct_revenue": {
      "mean": 5.783452611620537,
      "std": 4.365719086603521
    },
    "current_account_pct_gdp": {
      "mean": 0.8369565217391307,
      "std": 13.666048499680823
    },
    "reserves_to_imports_months": {
      "mean": 4.8532478970976,
      "std": 4.234966032697369
    },
    "short_term_debt_pct_reserves": {
      "mean": 137.33267979717547,
      "std": 1473.231973038342
    },
    "external_debt_pct_gni": {
      "mean": 39.581751329643815,
      "std": 18.433993142774977
    },
    "external_liquidity_ratio": {
      "mean": 17.942303661751264,
      "std": 44.218664697969835
    },
    "real_gdp_growth": {
      "mean": 3.339073969508752,
      "std": 4.463689166466944
    },
    "inflation": {
      "mean": 4.2700734048560145,
      "std": 4.839133894684632
    },
    "gdp_per_capita_ppp": {
      "mean": 29384.17770242801,
      "std": 26089.94010915252
    },
    "rule_of_law": {
      "mean": 0.548300868210051,
      "std": 0.7129930254002154
    },
    "govt_effectiveness": {
      "mean": 0.5246175500564654,
      "std": 0.7027296746883802
    },
    "political_stability": {
      "mean": 0.5406111945793337,
      "std": 0.6501479856835038
    },
    "control_of_corruption": {
      "mean": 0.4805061178712593,
      "std": 0.7589648154955428
    },
    "years_since_default": {
      "mean": 68.77639751552795,
      "std": 41.56581263921011
    },
    "debt_chg_5y_pp": {
      "mean": 2.302399774138905,
      "std": 14.724262834883943
    },
    "tot_volatility_5y": {
      "mean": 0.10574853688677388,
      "std": 0.0648536239244011
    },
    "reserve_currency_share": {
      "mean": 3.141050254093733,
      "std": 8.137260589060563
    },
    "region_default_rate": {
      "mean": 0.25508378621483896,
      "std": 0.22137782436960532
    },
    "vix_annual": {
      "mean": 19.715584557994628,
      "std": 5.873462579219386
    }
  },
  "medians": {
    "gross_debt_pct_gdp": 43.8,
    "fiscal_balance_pct_gdp": -2.3,
    "interest_pct_revenue": 4.95387039532298,
    "current_account_pct_gdp": -0.4,
    "reserves_to_imports_months": 4.21712222634877,
    "short_term_debt_pct_reserves": 31.6377915902306,
    "external_debt_pct_gni": 37.19063672863745,
    "external_liquidity_ratio": 1.6311347954422513,
    "real_gdp_growth": 3.3,
    "inflation": 3.1,
    "gdp_per_capita_ppp": 22671.7395,
    "rule_of_law": 0.61564145,
    "govt_effectiveness": 0.511363,
    "political_stability": 0.7006186999999999,
    "control_of_corruption": 0.4780849,
    "years_since_default": 100.0,
    "debt_chg_5y_pp": 2.5999999999999996,
    "tot_volatility_5y": 0.09462930331108518,
    "reserve_currency_share": 0.0,
    "region_default_rate": 0.22727272727272727,
    "vix_annual": 17.667408098501987
  },
  "pd_calibration": [
    {
      "bucket": 1,
      "score_lo": 0.002091143417234306,
      "score_hi": 0.005199401132631185,
      "pd_empirical": 0.0,
      "n_obs": 708,
      "n_events": 0
    },
    {
      "bucket": 2,
      "score_lo": 0.005199401132631185,
      "score_hi": 0.006961277463411973,
      "pd_empirical": 0.0,
      "n_obs": 708,
      "n_events": 0
    },
    {
      "bucket": 3,
      "score_lo": 0.006961277463411973,
      "score_hi": 0.008840890583008411,
      "pd_empirical": 0.0,
      "n_obs": 709,
      "n_events": 0
    },
    {
      "bucket": 4,
      "score_lo": 0.00888060609010185,
      "score_hi": 0.011046721773287435,
      "pd_empirical": 0.0,
      "n_obs": 708,
      "n_events": 0
    },
    {
      "bucket": 5,
      "score_lo": 0.011093264622107158,
      "score_hi": 0.01361750838629572,
      "pd_empirical": 0.0,
      "n_obs": 709,
      "n_events": 0
    },
    {
      "bucket": 6,
      "score_lo": 0.013620772073123257,
      "score_hi": 0.01573848927865935,
      "pd_empirical": 0.0,
      "n_obs": 708,
      "n_events": 0
    },
    {
      "bucket": 7,
      "score_lo": 0.01573848927865935,
      "score_hi": 0.017934493043976315,
      "pd_empirical": 0.0,
      "n_obs": 708,
      "n_events": 0
    },
    {
      "bucket": 8,
      "score_lo": 0.01795775008635423,
      "score_hi": 0.02048916135683979,
      "pd_empirical": 0.0,
      "n_obs": 709,
      "n_events": 0
    },
    {
      "bucket": 9,
      "score_lo": 0.02048916135683979,
      "score_hi": 0.024272715806959767,
      "pd_empirical": 0.0,
      "n_obs": 708,
      "n_events": 0
    },
    {
      "bucket": 10,
      "score_lo": 0.024272715806959767,
      "score_hi": 0.026564288554390247,
      "pd_empirical": 0.0,
      "n_obs": 709,
      "n_events": 0
    },
    {
      "bucket": 11,
      "score_lo": 0.026564288554390247,
      "score_hi": 0.0324872157562539,
      "pd_empirical": 0.0,
      "n_obs": 708,
      "n_events": 0
    },
    {
      "bucket": 12,
      "score_lo": 0.03253827725091164,
      "score_hi": 0.04090926405285608,
      "pd_empirical": 0.0,
      "n_obs": 708,
      "n_events": 0
    },
    {
      "bucket": 13,
      "score_lo": 0.04090926405285608,
      "score_hi": 0.05721501070470519,
      "pd_empirical": 0.0,
      "n_obs": 709,
      "n_events": 0
    },
    {
      "bucket": 14,
      "score_lo": 0.05721501070470519,
      "score_hi": 0.08577773671207486,
      "pd_empirical": 0.0,
      "n_obs": 708,
      "n_events": 0
    },
    {
      "bucket": 15,
      "score_lo": 0.08577773671207486,
      "score_hi": 0.12349528929525729,
      "pd_empirical": 0.0,
      "n_obs": 709,
      "n_events": 0
    },
    {
      "bucket": 16,