{
  "estimator": "gbm",
  "cadence": "quarterly",
  "horizon_quarters": 4,
  "feature_importance": {
    "gross_debt_pct_gdp": 0.004838548555996347,
    "fiscal_balance_pct_gdp": 0.0060197861552027995,
    "interest_pct_revenue": 0.004001584545855308,
    "shadow_debt_gap_pp": 0.0,
    "current_account_pct_gdp": 0.032751460537918796,
    "reserves_to_imports_months": 0.014434730489417947,
    "short_term_debt_pct_reserves": 0.003559496252204486,
    "external_debt_pct_gni": 0.010083229993386155,
    "real_gdp_growth": 0.007707678847001654,
    "inflation": 0.009089933311287357,
    "gdp_per_capita_ppp": 0.04911711860670189,
    "rule_of_law": 0.0023669601521163265,
    "control_of_corruption": 0.002098276289682488,
    "govt_effectiveness": 0.007495521935625993,
    "regulatory_quality": 0.0042349468143737965,
    "political_stability": 0.00826226989638441,
    "voice_accountability": 0.002107225529100476,
    "years_since_default": 0.026683111496913492,
    "default_count_25y": 0.0003505704365078355,
    "debt_chg_5y_pp": 0.012794732418430299
  },
  "coefficients": {
    "gross_debt_pct_gdp": 0.004838548555996347,
    "fiscal_balance_pct_gdp": -0.0060197861552027995,
    "interest_pct_revenue": 0.004001584545855308,
    "shadow_debt_gap_pp": 0.0,
    "current_account_pct_gdp": -0.032751460537918796,
    "reserves_to_imports_months": -0.014434730489417947,
    "short_term_debt_pct_reserves": 0.003559496252204486,
    "external_debt_pct_gni": 0.010083229993386155,
    "real_gdp_growth": -0.007707678847001654,
    "inflation": 0.009089933311287357,
    "gdp_per_capita_ppp": -0.04911711860670189,
    "rule_of_law": -0.0023669601521163265,
    "control_of_corruption": -0.002098276289682488,
    "govt_effectiveness": -0.007495521935625993,
    "regulatory_quality": -0.0042349468143737965,
    "political_stability": -0.00826226989638441,
    "voice_accountability": -0.002107225529100476,
    "years_since_default": -0.026683111496913492,
    "default_count_25y": 0.0003505704365078355,
    "debt_chg_5y_pp": 0.012794732418430299
  },
  "intercept": 0.0,
  "class_balance_log_odds": -3.2031274679000616,
  "scaler": {
    "gross_debt_pct_gdp": {
      "mean": 52.45979255643685,
      "std": 35.46916753932132
    },
    "fiscal_balance_pct_gdp": {
      "mean": -2.1981492780150496,
      "std": 6.127601862310702
    },
    "interest_pct_revenue": {
      "mean": 6.479026197399014,
      "std": 5.8331713710460456
    },
    "shadow_debt_gap_pp": {
      "mean": 9.142892007321533,
      "std": 1.6653882093868282
    },
    "current_account_pct_gdp": {
      "mean": -0.8612365263371976,
      "std": 12.972486670637782
    },
    "reserves_to_imports_months": {
      "mean": 4.752586607209183,
      "std": 3.836891524366679
    },
    "short_term_debt_pct_reserves": {
      "mean": 109.28465999563747,
      "std": 1252.7125542482524
    },
    "external_debt_pct_gni": {
      "mean": 45.1794879907533,
      "std": 25.892927213986884
    },
    "real_gdp_growth": {
      "mean": 3.390848078096401,
      "std": 4.614182424381406
    },
    "inflation": {
      "mean": 24.265710799267847,
      "std": 975.3496595461272
    },
    "gdp_per_capita_ppp": {
      "mean": 23314.627408582466,
      "std": 24459.935433014314
    },
    "rule_of_law": {
      "mean": 0.04816848802115145,
      "std": 0.8321143443669714
    },
    "control_of_corruption": {
      "mean": 0.025791438702461193,
      "std": 0.839907511377549
    },
    "govt_effectiveness": {
      "mean": 0.08872357919463117,
      "std": 0.8097732034183153
    },
    "regulatory_quality": {
      "mean": 0.07209154584096023,
      "std": 0.8161138135966212
    },
    "political_stability": {
      "mean": 0.11133210235916237,
      "std": 0.7904900245366695
    },
    "voice_accountability": {
      "mean": 0.07459688103518441,
      "std": 0.8239065899975365
    },
    "years_since_default": {
      "mean": 52.809436648362826,
      "std": 43.87775314621332
    },
    "default_count_25y": {
      "mean": 1.2898108602806588,
      "std": 1.768639744495261
    },
    "debt_chg_5y_pp": {
      "mean": 1.6669513931258901,
      "std": 22.84396266664351
    }
  },
  "medians": {
    "gross_debt_pct_gdp": 46.3,
    "fiscal_balance_pct_gdp": -2.5,
    "interest_pct_revenue": 5.41407297462898,
    "shadow_debt_gap_pp": 9.1,
    "current_account_pct_gdp": -1.5,
    "reserves_to_imports_months": 4.1676367510060555,
    "short_term_debt_pct_reserves": 28.1855202341122,
    "external_debt_pct_gni": 41.305984636710704,
    "real_gdp_growth": 3.5,
    "inflation": 3.5,
    "gdp_per_capita_ppp": 15052.708,
    "rule_of_law": -0.0201063,
    "control_of_corruption": -0.0798663999999999,
    "govt_effectiveness": 0.0250833,
    "regulatory_quality": 0.0071335,
    "political_stability": 0.1588848,
    "voice_accountability": 0.09736294999999995,
    "years_since_default": 29.0,
    "default_count_25y": 0.0,
    "debt_chg_5y_pp": 3.0
  },
  "pd_calibration": [
    {
      "bucket": 1,
      "score_lo": 0.004354703395393726,
      "score_hi": 0.010644503204171008,
      "pd_empirical": 0.0,
      "n_obs": 983,
      "n_events": 0
    },
    {
      "bucket": 2,
      "score_lo": 0.010644503204171008,
      "score_hi": 0.014244479985495093,
      "pd_empirical": 0.0,
      "n_obs": 983,
      "n_events": 0
    },
    {
      "bucket": 3,
      "score_lo": 0.014244479985495093,
      "score_hi": 0.019057677708371322,
      "pd_empirical": 0.0,
      "n_obs": 984,
      "n_events": 0
    },
    {
      "bucket": 4,
      "score_lo": 0.019057677708371322,
      "score_hi": 0.027422928234513047,
      "pd_empirical": 0.0,
      "n_obs": 983,
      "n_events": 0
    },
    {
      "bucket": 5,
      "score_lo": 0.027422928234513047,
      "score_hi": 0.036058603426318704,
      "pd_empirical": 0.0,
      "n_obs": 984,
      "n_events": 0
    },
    {
      "bucket": 6,
      "score_lo": 0.036058603426318704,
      "score_hi": 0.04293616740458589,
      "pd_empirical": 0.0,
      "n_obs": 983,
      "n_events": 0
    },
    {
      "bucket": 7,
      "score_lo": 0.04293616740458589,
      "score_hi": 0.05279239376466775,
      "pd_empirical": 0.0,
      "n_obs": 983,
      "n_events": 0
    },
    {
      "bucket": 8,
      "score_lo": 0.05279239376466775,
      "score_hi": 0.06500510771083395,
      "pd_empirical": 0.0,
      "n_obs": 984,
      "n_events": 0
    },
    {
      "bucket": 9,
      "score_lo": 0.06500510771083395,
      "score_hi": 0.07470321369185035,
      "pd_empirical": 0.001017293997965412,
      "n_obs": 983,
      "n_events": 1
    },
    {
      "bucket": 10,
      "score_lo": 0.07470321369185035,
      "score_hi": 0.09382992712989704,
      "pd_empirical": 0.003048780487804878,
      "n_obs": 984,
      "n_events": 3
    },
    {
      "bucket": 11,
      "score_lo": 0.09382992712989704,
      "score_hi": 0.11968389299412574,
      "pd_empirical": 0.0,
      "n_obs": 983,
      "n_events": 0
    },
    {
      "bucket": 12,
      "score_lo": 0.11968389299412574,
      "score_hi": 0.15445836867505727,
      "pd_empirical": 0.0,
      "n_obs": 983,
      "n_events": 0
    },
    {
      "bucket": 13,
      "score_lo": 0.15445836867505727,
      "score_hi": 0.19509369885140454,
      "pd_empirical": 0.0,
      "n_obs": 984,
      "n_events": 0
    },
    {
      "bucket": 14,
      "score_lo": 0.19509369885140454,
      "score_hi": 0.24358610878921275,
      "pd_empirical": 0.0,
      "n_obs": 983,
      "n_events": 0
    },
    {
      "bucket": 15,
      "score_lo": 0.24358610878921275,
      "score_hi": 0.29533301159390335,
      "pd_empirical": 0.0,
      "n_obs": 984,
      "n_events": 0
    },
    {
      "bucket": 16,
      "score_lo": 0.29533301159390335,
      "score_hi": 0.362907692264114,
      "pd_empirical": 0.0,
      "n_obs": 983,
      "n_events": 0
    },
    {
      "bucket": 17,
      "score_lo": 0.362907692264114,
      "score_hi": 0.4516737454684221,