{
  "estimator": "gbm",
  "cadence": "quarterly",
  "horizon_quarters": 4,
  "feature_importance": {
    "gross_debt_pct_gdp": 0.0025648052369115605,
    "fiscal_balance_pct_gdp": 0.003877975593133587,
    "interest_pct_revenue": 0.0007635692340266953,
    "current_account_pct_gdp": 0.008075621364940621,
    "reserves_to_imports_months": 0.005064490942816091,
    "short_term_debt_pct_reserves": 0.0021255378840177473,
    "external_debt_pct_gni": 0.0015790797027769976,
    "external_liquidity_ratio": 0.002020552628270522,
    "real_gdp_growth": 0.001818660026422747,
    "inflation": 0.003830362794636932,
    "gdp_per_capita_ppp": 0.02265368429874919,
    "rule_of_law": 0.0010116961514964329,
    "govt_effectiveness": 0.004164893018701021,
    "political_stability": 0.005222051535409333,
    "control_of_corruption": 0.0017961907555629874,
    "years_since_default": 0.015539637447975995,
    "debt_chg_5y_pp": 0.0008345886717379791,
    "fiscal_balance_chg_3y": 0.0022726495764197495,
    "tot_volatility_5y": 0.0026122801871207636,
    "reserve_currency_share": 0.0014096365878027094,
    "region_default_rate": 0.009518493174855558,
    "vix_annual": 0.0007146468767988967
  },
  "coefficients": {
    "gross_debt_pct_gdp": 0.0025648052369115605,
    "fiscal_balance_pct_gdp": -0.003877975593133587,
    "interest_pct_revenue": 0.0007635692340266953,
    "current_account_pct_gdp": -0.008075621364940621,
    "reserves_to_imports_months": -0.005064490942816091,
    "short_term_debt_pct_reserves": 0.0021255378840177473,
    "external_debt_pct_gni": 0.0015790797027769976,
    "external_liquidity_ratio": 0.002020552628270522,
    "real_gdp_growth": -0.001818660026422747,
    "inflation": 0.003830362794636932,
    "gdp_per_capita_ppp": -0.02265368429874919,
    "rule_of_law": -0.0010116961514964329,
    "govt_effectiveness": -0.004164893018701021,
    "political_stability": -0.005222051535409333,
    "control_of_corruption": -0.0017961907555629874,
    "years_since_default": -0.015539637447975995,
    "debt_chg_5y_pp": 0.0008345886717379791,
    "fiscal_balance_chg_3y": -0.0022726495764197495,
    "tot_volatility_5y": 0.0026122801871207636,
    "reserve_currency_share": -0.0014096365878027094,
    "region_default_rate": 0.009518493174855558,
    "vix_annual": 0.0007146468767988967
  },
  "intercept": 0.0,
  "class_balance_log_odds": -3.2438251439161494,
  "scaler": {
    "gross_debt_pct_gdp": {
      "mean": 49.35290796160361,
      "std": 31.993918675731315
    },
    "fiscal_balance_pct_gdp": {
      "mean": -1.8414455110107284,
      "std": 6.369825364514751
    },
    "interest_pct_revenue": {
      "mean": 5.783452611620537,
      "std": 4.365719086603521
    },
    "current_account_pct_gdp": {
      "mean": 0.8369565217391307,
      "std": 13.666048499680823
    },
    "reserves_to_imports_months": {
      "mean": 4.8532478970976,
      "std": 4.234966032697369
    },
    "short_term_debt_pct_reserves": {
      "mean": 137.33267979717547,
      "std": 1473.231973038342
    },
    "external_debt_pct_gni": {
      "mean": 39.581751329643815,
      "std": 18.433993142774977
    },
    "external_liquidity_ratio": {
      "mean": 17.942303661751264,
      "std": 44.218664697969835
    },
    "real_gdp_growth": {
      "mean": 3.339073969508752,
      "std": 4.463689166466944
    },
    "inflation": {
      "mean": 4.2700734048560145,
      "std": 4.839133894684632
    },
    "gdp_per_capita_ppp": {
      "mean": 29384.17770242801,
      "std": 26089.94010915252
    },
    "rule_of_law": {
      "mean": 0.548300868210051,
      "std": 0.7129930254002154
    },
    "govt_effectiveness": {
      "mean": 0.5246175500564654,
      "std": 0.7027296746883802
    },
    "political_stability": {
      "mean": 0.5406111945793337,
      "std": 0.6501479856835038
    },
    "control_of_corruption": {
      "mean": 0.4805061178712593,
      "std": 0.7589648154955428
    },
    "years_since_default": {
      "mean": 68.77639751552795,
      "std": 41.56581263921011
    },
    "debt_chg_5y_pp": {
      "mean": 2.302399774138905,
      "std": 14.724262834883943
    },
    "fiscal_balance_chg_3y": {
      "mean": -0.1513551665725579,
      "std": 5.951289853452049
    },
    "tot_volatility_5y": {
      "mean": 0.10574853688677388,
      "std": 0.0648536239244011
    },
    "reserve_currency_share": {
      "mean": 3.141050254093733,
      "std": 8.137260589060563
    },
    "region_default_rate": {
      "mean": 0.25508378621483896,
      "std": 0.22137782436960532
    },
    "vix_annual": {
      "mean": 19.715584557994628,
      "std": 5.873462579219386
    }
  },
  "medians": {
    "gross_debt_pct_gdp": 43.8,
    "fiscal_balance_pct_gdp": -2.3,
    "interest_pct_revenue": 4.95387039532298,
    "current_account_pct_gdp": -0.4,
    "reserves_to_imports_months": 4.21712222634877,
    "short_term_debt_pct_reserves": 31.6377915902306,
    "external_debt_pct_gni": 37.19063672863745,
    "external_liquidity_ratio": 1.6311347954422513,
    "real_gdp_growth": 3.3,
    "inflation": 3.1,
    "gdp_per_capita_ppp": 22671.7395,
    "rule_of_law": 0.61564145,
    "govt_effectiveness": 0.511363,
    "political_stability": 0.7006186999999999,
    "control_of_corruption": 0.4780849,
    "years_since_default": 100.0,
    "debt_chg_5y_pp": 2.5999999999999996,
    "fiscal_balance_chg_3y": 0.1499999999999999,
    "tot_volatility_5y": 0.09462930331108518,
    "reserve_currency_share": 0.0,
    "region_default_rate": 0.22727272727272727,
    "vix_annual": 17.667408098501987
  },
  "pd_calibration": [
    {
      "bucket": 1,
      "score_lo": 0.0016270063017792167,
      "score_hi": 0.0047531394307107405,
      "pd_empirical": 0.0,
      "n_obs": 708,
      "n_events": 0
    },
    {
      "bucket": 2,
      "score_lo": 0.004762159099248734,
      "score_hi": 0.006651569601966521,
      "pd_empirical": 0.0,
      "n_obs": 708,
      "n_events": 0
    },
    {
      "bucket": 3,
      "score_lo": 0.00665898219593868,
      "score_hi": 0.008296346410541075,
      "pd_empirical": 0.0,
      "n_obs": 709,
      "n_events": 0
    },
    {
      "bucket": 4,
      "score_lo": 0.008296346410541075,
      "score_hi": 0.010293506527833254,
      "pd_empirical": 0.0,
      "n_obs": 708,
      "n_events": 0
    },
    {
      "bucket": 5,
      "score_lo": 0.010293506527833254,
      "score_hi": 0.012957709119375499,
      "pd_empirical": 0.0,
      "n_obs": 709,
      "n_events": 0
    },
    {
      "bucket": 6,
      "score_lo": 0.012957709119375499,
      "score_hi": 0.0156671450983015,
      "pd_empirical": 0.0,
      "n_obs": 708,
      "n_events": 0
    },
    {
      "bucket": 7,
      "score_lo": 0.0156671450983015,
      "score_hi": 0.018442516370647925,
      "pd_empirical": 0.0,
      "n_obs": 708,
      "n_events": 0
    },
    {
      "bucket": 8,
      "score_lo": 0.018445925273124154,
      "score_hi": 0.020829395779490358,
      "pd_empirical": 0.0,
      "n_obs": 709,
      "n_events": 0
    },
    {
      "bucket": 9,
      "score_lo": 0.020829395779490358,
      "score_hi": 0.024504528914907123,
      "pd_empirical": 0.0,
      "n_obs": 708,
      "n_events": 0
    },
    {
      "bucket": 10,
      "score_lo": 0.024504528914907123,
      "score_hi": 0.02803452387881669,
      "pd_empirical": 0.0,
      "n_obs": 709,
      "n_events": 0
    },
    {
      "bucket": 11,
      "score_lo": 0.02803452387881669,
      "score_hi": 0.03334977661489905,
      "pd_empirical": 0.0,
      "n_obs": 708,
      "n_events": 0
    },
    {
      "bucket": 12,
      "score_lo": 0.03334977661489905,
      "score_hi": 0.04191198565208053,
      "pd_empirical": 0.0,
      "n_obs": 708,
      "n_events": 0
    },
    {
      "bucket": 13,
      "score_lo": 0.04191198565208053,
      "score_hi": 0.05765237418856747,
      "pd_empirical": 0.0,
      "n_obs": 709,
      "n_events": 0
    },
    {
      "bucket": 14,
      "score_lo": 0.05765237418856747,
      "score_hi": 0.08495979461716216,