{
  "estimator": "gbm",
  "cadence": "quarterly",
  "horizon_quarters": 12,
  "feature_importance": {
    "gross_debt_pct_gdp": 0.00822400802761598,
    "fiscal_balance_pct_gdp": 0.005071388334660631,
    "interest_pct_revenue": 0.002860987482120092,
    "current_account_pct_gdp": 0.004115791403887958,
    "reserves_to_imports_months": 0.00724762330954769,
    "short_term_debt_pct_reserves": 0.0007793197961703413,
    "external_debt_pct_gni": 0.003912542210509962,
    "external_liquidity_ratio": 0.00294488785515743,
    "real_gdp_growth": 0.002181765262832691,
    "inflation": 0.0023890907419295893,
    "gdp_per_capita_ppp_log": 0.027547634128848107,
    "rule_of_law": 0.0019001904298461048,
    "govt_effectiveness": 0.006949190939826266,
    "political_stability": 0.005398957893111289,
    "control_of_corruption": 0.0019204766181201815,
    "years_since_default": 0.009136645224472417,
    "debt_chg_5y_pp": 0.0014477862085918725,
    "fiscal_balance_chg_3y": 0.002082747076249025,
    "tot_volatility_5y": 0.0020996617571761743,
    "reserve_currency_share": 0.0017894576838365817,
    "region_default_rate": 0.009305950767611449,
    "vix_annual": 0.0008123999341697718
  },
  "coefficients": {
    "gross_debt_pct_gdp": 0.00822400802761598,
    "fiscal_balance_pct_gdp": -0.005071388334660631,
    "interest_pct_revenue": 0.002860987482120092,
    "current_account_pct_gdp": -0.004115791403887958,
    "reserves_to_imports_months": -0.00724762330954769,
    "short_term_debt_pct_reserves": 0.0007793197961703413,
    "external_debt_pct_gni": 0.003912542210509962,
    "external_liquidity_ratio": 0.00294488785515743,
    "real_gdp_growth": -0.002181765262832691,
    "inflation": 0.0023890907419295893,
    "gdp_per_capita_ppp_log": -0.027547634128848107,
    "rule_of_law": -0.0019001904298461048,
    "govt_effectiveness": -0.006949190939826266,
    "political_stability": -0.005398957893111289,
    "control_of_corruption": -0.0019204766181201815,
    "years_since_default": -0.009136645224472417,
    "debt_chg_5y_pp": 0.0014477862085918725,
    "fiscal_balance_chg_3y": -0.002082747076249025,
    "tot_volatility_5y": 0.0020996617571761743,
    "reserve_currency_share": -0.0017894576838365817,
    "region_default_rate": 0.009305950767611449,
    "vix_annual": 0.0008123999341697718
  },
  "intercept": 0.0,
  "class_balance_log_odds": -2.3656834328313585,
  "scaler": {
    "gross_debt_pct_gdp": {
      "mean": 49.35290796160361,
      "std": 31.993918675731315
    },
    "fiscal_balance_pct_gdp": {
      "mean": -1.8414455110107284,
      "std": 6.369825364514751
    },
    "interest_pct_revenue": {
      "mean": 5.783452611620537,
      "std": 4.365719086603521
    },
    "current_account_pct_gdp": {
      "mean": 0.8369565217391307,
      "std": 13.666048499680823
    },
    "reserves_to_imports_months": {
      "mean": 4.8532478970976,
      "std": 4.234966032697369
    },
    "short_term_debt_pct_reserves": {
      "mean": 137.33267979717547,
      "std": 1473.231973038342
    },
    "external_debt_pct_gni": {
      "mean": 39.581751329643815,
      "std": 18.433993142774977
    },
    "external_liquidity_ratio": {
      "mean": 17.942303661751264,
      "std": 44.218664697969835
    },
    "real_gdp_growth": {
      "mean": 3.339073969508752,
      "std": 4.463689166466944
    },
    "inflation": {
      "mean": 4.2700734048560145,
      "std": 4.839133894684632
    },
    "gdp_per_capita_ppp_log": {
      "mean": 9.867178806511905,
      "std": 1.0077352066166505
    },
    "rule_of_law": {
      "mean": 0.548300868210051,
      "std": 0.7129930254002154
    },
    "govt_effectiveness": {
      "mean": 0.5246175500564654,
      "std": 0.7027296746883802
    },
    "political_stability": {
      "mean": 0.5406111945793337,
      "std": 0.6501479856835038
    },
    "control_of_corruption": {
      "mean": 0.4805061178712593,
      "std": 0.7589648154955428
    },
    "years_since_default": {
      "mean": 68.77639751552795,
      "std": 41.56581263921011
    },
    "debt_chg_5y_pp": {
      "mean": 2.302399774138905,
      "std": 14.724262834883943
    },
    "fiscal_balance_chg_3y": {
      "mean": -0.1513551665725579,
      "std": 5.951289853452049
    },
    "tot_volatility_5y": {
      "mean": 0.10574853688677388,
      "std": 0.0648536239244011
    },
    "reserve_currency_share": {
      "mean": 3.141050254093733,
      "std": 8.137260589060563
    },
    "region_default_rate": {
      "mean": 0.25508378621483896,
      "std": 0.22137782436960532
    },
    "vix_annual": {
      "mean": 19.715584557994628,
      "std": 5.873462579219386
    }
  },
  "medians": {
    "gross_debt_pct_gdp": 43.8,
    "fiscal_balance_pct_gdp": -2.3,
    "interest_pct_revenue": 4.95387039532298,
    "current_account_pct_gdp": -0.4,
    "reserves_to_imports_months": 4.21712222634877,
    "short_term_debt_pct_reserves": 31.6377915902306,
    "external_debt_pct_gni": 37.19063672863745,
    "external_liquidity_ratio": 1.6311347954422513,
    "real_gdp_growth": 3.3,
    "inflation": 3.1,
    "gdp_per_capita_ppp_log": 10.028874470849477,
    "rule_of_law": 0.61564145,
    "govt_effectiveness": 0.511363,
    "political_stability": 0.7006186999999999,
    "control_of_corruption": 0.4780849,
    "years_since_default": 100.0,
    "debt_chg_5y_pp": 2.5999999999999996,
    "fiscal_balance_chg_3y": 0.1499999999999999,
    "tot_volatility_5y": 0.09462930331108518,
    "reserve_currency_share": 0.0,
    "region_default_rate": 0.22727272727272727,
    "vix_annual": 17.667408098501987
  },
  "pd_calibration": [
    {
      "bucket": 1,
      "score_lo": 0.0019111143997703967,
      "score_hi": 0.005463925833037124,
      "pd_empirical": 0.0,
      "n_obs": 708,
      "n_events": 0
    },
    {
      "bucket": 2,
      "score_lo": 0.005463925833037124,
      "score_hi": 0.007768411328753975,
      "pd_empirical": 0.0,
      "n_obs": 708,
      "n_events": 0
    },
    {
      "bucket": 3,
      "score_lo": 0.007790865234899663,
      "score_hi": 0.0100423892401987,
      "pd_empirical": 0.0,
      "n_obs": 709,
      "n_events": 0
    },
    {
      "bucket": 4,
      "score_lo": 0.0100423892401987,
      "score_hi": 0.013060086726296787,
      "pd_empirical": 0.0,
      "n_obs": 708,
      "n_events": 0
    },
    {
      "bucket": 5,
      "score_lo": 0.013060086726296787,
      "score_hi": 0.018144646301468594,
      "pd_empirical": 0.0,
      "n_obs": 709,
      "n_events": 0
    },
    {
      "bucket": 6,
      "score_lo": 0.018144646301468594,
      "score_hi": 0.025268822203222605,
      "pd_empirical": 0.0,
      "n_obs": 708,
      "n_events": 0
    },
    {
      "bucket": 7,
      "score_lo": 0.025268822203222605,
      "score_hi": 0.03134675001565462,
      "pd_empirical": 0.0,
      "n_obs": 708,
      "n_events": 0
    },
    {
      "bucket": 8,
      "score_lo": 0.03134675001565462,
      "score_hi": 0.0376140874541471,
      "pd_empirical": 0.0,
      "n_obs": 709,
      "n_events": 0
    },
    {
      "bucket": 9,
      "score_lo": 0.0376140874541471,
      "score_hi": 0.04714305355536369,
      "pd_empirical": 0.0,
      "n_obs": 708,
      "n_events": 0
    },
    {
      "bucket": 10,
      "score_lo": 0.04717726110996847,
      "score_hi": 0.058823985611502386,
      "pd_empirical": 0.0,
      "n_obs": 709,
      "n_events": 0
    },
    {
      "bucket": 11,
      "score_lo": 0.058823985611502386,
      "score_hi": 0.06525307164938311,
      "pd_empirical": 0.0,
      "n_obs": 708,
      "n_events": 0
    },
    {
      "bucket": 12,
      "score_lo": 0.06525307164938311,
      "score_hi": 0.08340626117798512,
      "pd_empirical": 0.0,
      "n_obs": 708,
      "n_events": 0
    },
    {
      "bucket": 13,
      "score_lo": 0.08346059581110228,
      "score_hi": 0.11379205688035267,
      "pd_empirical": 0.0,
      "n_obs": 709,
      "n_events": 0
    },
    {
      "bucket": 14,
      "score_lo": 0.114489909864756,
      "score_hi": 0.15933870756442076,