{
  "estimator": "gbm",
  "horizon_years": 5,
  "feature_importance": {
    "gross_debt_pct_gdp": 0.006599054251983027,
    "fiscal_balance_pct_gdp": 0.004124037593833063,
    "interest_pct_revenue": 0.0025966910468462113,
    "shadow_debt_gap_pp": 0.0005697164930439036,
    "current_account_pct_gdp": 0.0253054382452483,
    "reserves_to_imports_months": 0.01758679323236443,
    "short_term_debt_pct_reserves": 0.004543830737664789,
    "external_debt_pct_gni": 0.012463344304155254,
    "real_gdp_growth": 0.006617945137606362,
    "inflation": 0.005014646746263285,
    "gdp_per_capita_ppp": 0.056195530956201035,
    "rule_of_law": 0.007107263729965563,
    "control_of_corruption": 0.010320209248107748,
    "govt_effectiveness": 0.02843074403296526,
    "regulatory_quality": 0.011480105742363222,
    "political_stability": 0.005537126317702301,
    "voice_accountability": 0.009984561117936552,
    "years_since_default": 0.027720190454297598,
    "default_count_25y": 0.0017219051953235808,
    "debt_chg_5y_pp": 0.0106322097948368,
    "tot_volatility_5y": 0.004712800293245545,
    "reer_overvaluation_pct": 0.005830235978808007,
    "reserve_currency_share": 0.0019288312579892942
  },
  "coefficients": {
    "gross_debt_pct_gdp": 0.006599054251983027,
    "fiscal_balance_pct_gdp": -0.004124037593833063,
    "interest_pct_revenue": 0.0025966910468462113,
    "shadow_debt_gap_pp": 0.0005697164930439036,
    "current_account_pct_gdp": -0.0253054382452483,
    "reserves_to_imports_months": -0.01758679323236443,
    "short_term_debt_pct_reserves": 0.004543830737664789,
    "external_debt_pct_gni": 0.012463344304155254,
    "real_gdp_growth": -0.006617945137606362,
    "inflation": 0.005014646746263285,
    "gdp_per_capita_ppp": -0.056195530956201035,
    "rule_of_law": -0.007107263729965563,
    "control_of_corruption": -0.010320209248107748,
    "govt_effectiveness": -0.02843074403296526,
    "regulatory_quality": -0.011480105742363222,
    "political_stability": -0.005537126317702301,
    "voice_accountability": -0.009984561117936552,
    "years_since_default": -0.027720190454297598,
    "default_count_25y": 0.0017219051953235808,
    "debt_chg_5y_pp": 0.0106322097948368,
    "tot_volatility_5y": 0.004712800293245545,
    "reer_overvaluation_pct": 0.005830235978808007,
    "reserve_currency_share": -0.0019288312579892942
  },
  "intercept": 0.0,
  "class_balance_log_odds": -1.9810014688665833,
  "scaler": {
    "gross_debt_pct_gdp": {
      "mean": 52.45979255643685,
      "std": 35.471873078491186
    },
    "fiscal_balance_pct_gdp": {
      "mean": -2.19814927801505,
      "std": 6.128069267327565
    },
    "interest_pct_revenue": {
      "mean": 6.479026197399013,
      "std": 5.833616317311248
    },
    "shadow_debt_gap_pp": {
      "mean": 9.271568029286147,
      "std": 3.3277143680117534
    },
    "current_account_pct_gdp": {
      "mean": -0.8612365263371975,
      "std": 12.973476194025286
    },
    "reserves_to_imports_months": {
      "mean": 4.752586607209184,
      "std": 3.8371841971590896
    },
    "short_term_debt_pct_reserves": {
      "mean": 30.67290921354933,
      "std": 60.56947662778477
    },
    "external_debt_pct_gni": {
      "mean": 45.1794879907533,
      "std": 25.894902290751485
    },
    "real_gdp_growth": {
      "mean": 3.3908480780964,
      "std": 4.614534387851399
    },
    "inflation": {
      "mean": 24.265710799267847,
      "std": 975.4240578726423
    },
    "gdp_per_capita_ppp": {
      "mean": 23314.627408582466,
      "std": 24461.801203146464
    },
    "rule_of_law": {
      "mean": 0.04816848802115145,
      "std": 0.8321778169012565
    },
    "control_of_corruption": {
      "mean": 0.02579143870246123,
      "std": 0.8399715783638048
    },
    "govt_effectiveness": {
      "mean": 0.08872357919463117,
      "std": 0.8098349718012433
    },
    "regulatory_quality": {
      "mean": 0.07209154584096023,
      "std": 0.8161760656324162
    },
    "political_stability": {
      "mean": 0.11133210235916238,
      "std": 0.7905503220252542
    },
    "voice_accountability": {
      "mean": 0.07459688103518441,
      "std": 0.8239694364556046
    },
    "years_since_default": {
      "mean": 52.809436648362826,
      "std": 43.881100080695134
    },
    "default_count_25y": {
      "mean": 1.2898108602806588,
      "std": 1.76877465389493
    },
    "debt_chg_5y_pp": {
      "mean": 1.6669513931258897,
      "std": 22.845705172602727
    },
    "tot_volatility_5y": {
      "mean": 0.10984802461117696,
      "std": 0.06361592968953707
    },
    "reer_overvaluation_pct": {
      "mean": 0.3196063279217246,
      "std": 4.673309269297162
    },
    "reserve_currency_share": {
      "mean": 2.3271100264388855,
      "std": 7.1135094808793085
    }
  },
  "medians": {
    "gross_debt_pct_gdp": 46.3,
    "fiscal_balance_pct_gdp": -2.5,
    "interest_pct_revenue": 5.41407297462898,
    "shadow_debt_gap_pp": 9.1,
    "current_account_pct_gdp": -1.5,
    "reserves_to_imports_months": 4.1676367510060555,
    "short_term_debt_pct_reserves": 25.071969614961098,
    "external_debt_pct_gni": 41.305984636710704,
    "real_gdp_growth": 3.5,
    "inflation": 3.5,
    "gdp_per_capita_ppp": 15052.708,
    "rule_of_law": -0.0201063,
    "control_of_corruption": -0.0798663999999999,
    "govt_effectiveness": 0.0250833,
    "regulatory_quality": 0.0071335,
    "political_stability": 0.1588848,
    "voice_accountability": 0.09736294999999995,
    "years_since_default": 29.0,
    "default_count_25y": 0.0,
    "debt_chg_5y_pp": 3.0,
    "tot_volatility_5y": 0.09935110516134757,
    "reer_overvaluation_pct": 0.2929846897136823,
    "reserve_currency_share": 0.0
  },
  "pd_calibration": [
    {
      "bucket": 1,
      "score_lo": 0.004062736959226523,
      "score_hi": 0.012916280375638864,
      "pd_empirical": 0.0,
      "n_obs": 245,
      "n_events": 0
    },
    {
      "bucket": 2,
      "score_lo": 0.012921080948509196,
      "score_hi": 0.016683607648077553,
      "pd_empirical": 0.0,
      "n_obs": 246,
      "n_events": 0
    },
    {
      "bucket": 3,
      "score_lo": 0.016710596286025517,
      "score_hi": 0.022436819414776286,
      "pd_empirical": 0.0,
      "n_obs": 246,
      "n_events": 0
    },
    {
      "bucket": 4,
      "score_lo": 0.02244716024154834,
      "score_hi": 0.034136655968686744,
      "pd_empirical": 0.0,
      "n_obs": 246,
      "n_events": 0
    },
    {
      "bucket": 5,
      "score_lo": 0.034136655968686744,
      "score_hi": 0.049702356237107406,
      "pd_empirical": 0.0,
      "n_obs": 246,
      "n_events": 0
    },
    {
      "bucket": 6,
      "score_lo": 0.04971074374549156,
      "score_hi": 0.06210056618516741,
      "pd_empirical": 0.0,
      "n_obs": 246,
      "n_events": 0
    },
    {
      "bucket": 7,
      "score_lo": 0.06224888264247608,
      "score_hi": 0.07463621702707758,
      "pd_empirical": 0.0,
      "n_obs": 245,
      "n_events": 0
    },
    {
      "bucket": 8,
      "score_lo": 0.07484297913527374,
      "score_hi": 0.10229649326536146,
      "pd_empirical": 0.0,
      "n_obs": 246,
      "n_events": 0
    },
    {
      "bucket": 9,
      "score_lo": 0.1022978245769079,
      "score_hi": 0.11988715671067664,
      "pd_empirical": 0.016260162601626018,
      "n_obs": 246,
      "n_events": 4
    },
    {
      "bucket": 10,
      "score_lo": 0.11988715671067664,
      "score_hi": 0.15750862357682485,
      "pd_empirical": 0.0040650406504065045,
      "n_obs": 246,
      "n_events": 1
    },
    {
      "bucket": 11,
      "score_lo": 0.1579241558732327,
      "score_hi": 0.20206951131903314,
      "pd_empirical": 0.0,
      "n_obs": 246,
      "n_events": 0
    },
    {
      "bucket": 12,
      "score_lo": 0.202270830640815,
      "score_hi": 0.25144817257022306,
      "pd_empirical": 0.0,
      "n_obs": 246,
      "n_events": 0
    },
    {
      "bucket": 13,
      "score_lo": 0.2516256154560951,
      "score_hi": 0.30335612597606726,